Workbook

Sheet 📋 DASHBOARD
B1: 🏭 HRBR EXPERIENCE CENTRE — MATERIAL AUDIT TRACKER
B2: Bangalore Location | 3,067 total SKUs
C4: AUDIT 1 | G4: AUDIT 2 | K4: AUDIT 3 | O4: AUDIT 4 | S4: AUDIT 5
B5: Category | C5: Total SKUs | D5: ✓ OK | E5: ⚠ Issues | F5: Done % | G5: Total SKUs | H5: ✓ OK | I5: ⚠ Issues | J5: Done % | K5: Total SKUs | L5: ✓ OK | M5: ⚠ Issues | N5: Done % | O5: Total SKUs | P5: ✓ OK | Q5: ⚠ Issues | R5: Done % | S5: Total SKUs | T5: ✓ OK | U5: ⚠ Issues | V5: Done %
B6: Laminates | C6: 292 | D6: =COUNTIF(Laminates!M5:M288,"✓ OK") -> 256 | E6: =COUNTIF(Laminates!M5:M288,"⚠ Check")+COUNTIF(Laminates!M5:M288,"⚠ Missing")+COUNTIF(Laminates!M5:M288,"❌ Disc") -> 28 | F6: =IFERROR(COUNTIF(Laminates!E5:E288,"<>"&"")/292,"—") -> 0.97260274 | G6: 292 | H6: =COUNTIF(Laminates!V5:V288,"✓ OK") -> 212 | I6: =COUNTIF(Laminates!V5:V288,"⚠ Check")+COUNTIF(Laminates!V5:V288,"⚠ Missing")+COUNTIF(Laminates!V5:V288,"❌ Disc") -> 72 | J6: =IFERROR(COUNTIF(Laminates!N5:N288,"<>"&"")/292,"—") -> 0.97260274 | K6: 292 | L6: =COUNTIF(Laminates!AE5:AE288,"✓ OK") -> 216 | M6: =COUNTIF(Laminates!AE5:AE288,"⚠ Check")+COUNTIF(Laminates!AE5:AE288,"⚠ Missing")+COUNTIF(Laminates!AE5:AE288,"❌ Disc") -> 68 | N6: =IFERROR(COUNTIF(Laminates!W5:W288,"<>"&"")/292,"—") -> 0.97260274 | O6: 292 | P6: =COUNTIF(Laminates!AN5:AN288,"✓ OK") -> 197 | Q6: =COUNTIF(Laminates!AN5:AN288,"⚠ Check")+COUNTIF(Laminates!AN5:AN288,"⚠ Missing")+COUNTIF(Laminates!AN5:AN288,"❌ Disc") -> 87 | R6: =IFERROR(COUNTIF(Laminates!AF5:AF288,"<>"&"")/292,"—") -> 0.97260274 | S6: 292 | T6: =COUNTIF(Laminates!AW5:AW288,"✓ OK") -> 0 | U6: =COUNTIF(Laminates!AW5:AW288,"⚠ Check")+COUNTIF(Laminates!AW5:AW288,"⚠ Missing")+COUNTIF(Laminates!AW5:AW288,"❌ Disc") -> 0 | V6: =IFERROR(COUNTIF(Laminates!AO5:AO288,"<>"&"")/292,"—") -> 0
B7: Acrylic n Crystal Acrylic | C7: 63 | D7: =COUNTIF('Acrylic n Crystal Acrylic'!M5:M67,"✓ OK") -> 63 | E7: =COUNTIF('Acrylic n Crystal Acrylic'!M5:M67,"⚠ Check")+COUNTIF('Acrylic n Crystal Acrylic'!M5:M67,"⚠ Missing")+COUNTIF('Acrylic n Crystal Acrylic'!M5:M67,"❌ Disc") -> 0 | F7: =IFERROR(COUNTIF('Acrylic n Crystal Acrylic'!E5:E67,"<>"&"")/63,"—") -> 1 | G7: 63 | H7: =COUNTIF('Acrylic n Crystal Acrylic'!V5:V67,"✓ OK") -> 63 | I7: =COUNTIF('Acrylic n Crystal Acrylic'!V5:V67,"⚠ Check")+COUNTIF('Acrylic n Crystal Acrylic'!V5:V67,"⚠ Missing")+COUNTIF('Acrylic n Crystal Acrylic'!V5:V67,"❌ Disc") -> 0 | J7: =IFERROR(COUNTIF('Acrylic n Crystal Acrylic'!N5:N67,"<>"&"")/63,"—") -> 1 | K7: 63 | L7: =COUNTIF('Acrylic n Crystal Acrylic'!AE5:AE67,"✓ OK") -> 63 | M7: =COUNTIF('Acrylic n Crystal Acrylic'!AE5:AE67,"⚠ Check")+COUNTIF('Acrylic n Crystal Acrylic'!AE5:AE67,"⚠ Missing")+COUNTIF('Acrylic n Crystal Acrylic'!AE5:AE67,"❌ Disc") -> 0 | N7: =IFERROR(COUNTIF('Acrylic n Crystal Acrylic'!W5:W67,"<>"&"")/63,"—") -> 1 | O7: 63 | P7: =COUNTIF('Acrylic n Crystal Acrylic'!AN5:AN67,"✓ OK") -> 63 | Q7: =COUNTIF('Acrylic n Crystal Acrylic'!AN5:AN67,"⚠ Check")+COUNTIF('Acrylic n Crystal Acrylic'!AN5:AN67,"⚠ Missing")+COUNTIF('Acrylic n Crystal Acrylic'!AN5:AN67,"❌ Disc") -> 0 | R7: =IFERROR(COUNTIF('Acrylic n Crystal Acrylic'!AF5:AF67,"<>"&"")/63,"—") -> 1 | S7: 63 | T7: =COUNTIF('Acrylic n Crystal Acrylic'!AW5:AW67,"✓ OK") -> 0 | U7: =COUNTIF('Acrylic n Crystal Acrylic'!AW5:AW67,"⚠ Check")+COUNTIF('Acrylic n Crystal Acrylic'!AW5:AW67,"⚠ Missing")+COUNTIF('Acrylic n Crystal Acrylic'!AW5:AW67,"❌ Disc") -> 0 | V7: =IFERROR(COUNTIF('Acrylic n Crystal Acrylic'!AO5:AO67,"<>"&"")/63,"—") -> 0
B8: PU and Membrane | C8: 81 | D8: =COUNTIF('PU and Membrane'!M5:M85,"✓ OK") -> 79 | E8: =COUNTIF('PU and Membrane'!M5:M85,"⚠ Check")+COUNTIF('PU and Membrane'!M5:M85,"⚠ Missing")+COUNTIF('PU and Membrane'!M5:M85,"❌ Disc") -> 2 | F8: =IFERROR(COUNTIF('PU and Membrane'!E5:E85,"<>"&"")/81,"—") -> 1 | G8: 81 | H8: =COUNTIF('PU and Membrane'!V5:V85,"✓ OK") -> 79 | I8: =COUNTIF('PU and Membrane'!V5:V85,"⚠ Check")+COUNTIF('PU and Membrane'!V5:V85,"⚠ Missing")+COUNTIF('PU and Membrane'!V5:V85,"❌ Disc") -> 2 | J8: =IFERROR(COUNTIF('PU and Membrane'!N5:N85,"<>"&"")/81,"—") -> 1 | K8: 81 | L8: =COUNTIF('PU and Membrane'!AE5:AE85,"✓ OK") -> 79 | M8: =COUNTIF('PU and Membrane'!AE5:AE85,"⚠ Check")+COUNTIF('PU and Membrane'!AE5:AE85,"⚠ Missing")+COUNTIF('PU and Membrane'!AE5:AE85,"❌ Disc") -> 2 | N8: =IFERROR(COUNTIF('PU and Membrane'!W5:W85,"<>"&"")/81,"—") -> 1 | O8: 81 | P8: =COUNTIF('PU and Membrane'!AN5:AN85,"✓ OK") -> 79 | Q8: =COUNTIF('PU and Membrane'!AN5:AN85,"⚠ Check")+COUNTIF('PU and Membrane'!AN5:AN85,"⚠ Missing")+COUNTIF('PU and Membrane'!AN5:AN85,"❌ Disc") -> 2 | R8: =IFERROR(COUNTIF('PU and Membrane'!AF5:AF85,"<>"&"")/81,"—") -> 1 | S8: 81 | T8: =COUNTIF('PU and Membrane'!AW5:AW85,"✓ OK") -> 0 | U8: =COUNTIF('PU and Membrane'!AW5:AW85,"⚠ Check")+COUNTIF('PU and Membrane'!AW5:AW85,"⚠ Missing")+COUNTIF('PU and Membrane'!AW5:AW85,"❌ Disc") -> 0 | V8: =IFERROR(COUNTIF('PU and Membrane'!AO5:AO85,"<>"&"")/81,"—") -> 0
B9: Rafters | C9: 164 | D9: =COUNTIF(Rafters!M5:M168,"✓ OK") -> 150 | E9: =COUNTIF(Rafters!M5:M168,"⚠ Check")+COUNTIF(Rafters!M5:M168,"⚠ Missing")+COUNTIF(Rafters!M5:M168,"❌ Disc") -> 14 | F9: =IFERROR(COUNTIF(Rafters!E5:E168,"<>"&"")/164,"—") -> 1 | G9: 164 | H9: =COUNTIF(Rafters!V5:V168,"✓ OK") -> 144 | I9: =COUNTIF(Rafters!V5:V168,"⚠ Check")+COUNTIF(Rafters!V5:V168,"⚠ Missing")+COUNTIF(Rafters!V5:V168,"❌ Disc") -> 20 | J9: =IFERROR(COUNTIF(Rafters!N5:N168,"<>"&"")/164,"—") -> 1 | K9: 164 | L9: =COUNTIF(Rafters!AE5:AE168,"✓ OK") -> 144 | M9: =COUNTIF(Rafters!AE5:AE168,"⚠ Check")+COUNTIF(Rafters!AE5:AE168,"⚠ Missing")+COUNTIF(Rafters!AE5:AE168,"❌ Disc") -> 20 | N9: =IFERROR(COUNTIF(Rafters!W5:W168,"<>"&"")/164,"—") -> 1 | O9: 164 | P9: =COUNTIF(Rafters!AN5:AN168,"✓ OK") -> 141 | Q9: =COUNTIF(Rafters!AN5:AN168,"⚠ Check")+COUNTIF(Rafters!AN5:AN168,"⚠ Missing")+COUNTIF(Rafters!AN5:AN168,"❌ Disc") -> 23 | R9: =IFERROR(COUNTIF(Rafters!AF5:AF168,"<>"&"")/164,"—") -> 1 | S9: 164 | T9: =COUNTIF(Rafters!AW5:AW168,"✓ OK") -> 0 | U9: =COUNTIF(Rafters!AW5:AW168,"⚠ Check")+COUNTIF(Rafters!AW5:AW168,"⚠ Missing")+COUNTIF(Rafters!AW5:AW168,"❌ Disc") -> 0 | V9: =IFERROR(COUNTIF(Rafters!AO5:AO168,"<>"&"")/164,"—") -> 0
B10: Wallpaper | C10: 1409 | D10: =COUNTIF(Wallpaper!M5:M1413,"✓ OK") -> 1406 | E10: =COUNTIF(Wallpaper!M5:M1413,"⚠ Check")+COUNTIF(Wallpaper!M5:M1413,"⚠ Missing")+COUNTIF(Wallpaper!M5:M1413,"❌ Disc") -> 3 | F10: =IFERROR(COUNTIF(Wallpaper!E5:E1413,"<>"&"")/1409,"—") -> 1 | G10: 1409 | H10: =COUNTIF(Wallpaper!V5:V1413,"✓ OK") -> 1406 | I10: =COUNTIF(Wallpaper!V5:V1413,"⚠ Check")+COUNTIF(Wallpaper!V5:V1413,"⚠ Missing")+COUNTIF(Wallpaper!V5:V1413,"❌ Disc") -> 3 | J10: =IFERROR(COUNTIF(Wallpaper!N5:N1413,"<>"&"")/1409,"—") -> 1 | K10: 1409 | L10: =COUNTIF(Wallpaper!AE5:AE1413,"✓ OK") -> 1406 | M10: =COUNTIF(Wallpaper!AE5:AE1413,"⚠ Check")+COUNTIF(Wallpaper!AE5:AE1413,"⚠ Missing")+COUNTIF(Wallpaper!AE5:AE1413,"❌ Disc") -> 3 | N10: =IFERROR(COUNTIF(Wallpaper!W5:W1413,"<>"&"")/1409,"—") -> 1 | O10: 1409 | P10: =COUNTIF(Wallpaper!AN5:AN1413,"✓ OK") -> 1406 | Q10: =COUNTIF(Wallpaper!AN5:AN1413,"⚠ Check")+COUNTIF(Wallpaper!AN5:AN1413,"⚠ Missing")+COUNTIF(Wallpaper!AN5:AN1413,"❌ Disc") -> 3 | R10: =IFERROR(COUNTIF(Wallpaper!AF5:AF1413,"<>"&"")/1409,"—") -> 1 | S10: 1409 | T10: =COUNTIF(Wallpaper!AW5:AW1413,"✓ OK") -> 0 | U10: =COUNTIF(Wallpaper!AW5:AW1413,"⚠ Check")+COUNTIF(Wallpaper!AW5:AW1413,"⚠ Missing")+COUNTIF(Wallpaper!AW5:AW1413,"❌ Disc") -> 0 | V10: =IFERROR(COUNTIF(Wallpaper!AO5:AO1413,"<>"&"")/1409,"—") -> 0
B11: Quartz | C11: 113 | D11: =COUNTIF(Quartz!M5:M117,"✓ OK") -> 109 | E11: =COUNTIF(Quartz!M5:M117,"⚠ Check")+COUNTIF(Quartz!M5:M117,"⚠ Missing")+COUNTIF(Quartz!M5:M117,"❌ Disc") -> 4 | F11: =IFERROR(COUNTIF(Quartz!E5:E117,"<>"&"")/113,"—") -> 1 | G11: 113 | H11: =COUNTIF(Quartz!V5:V77,"✓ OK") -> 59 | I11: =COUNTIF(Quartz!V5:V77,"⚠ Check")+COUNTIF(Quartz!V5:V77,"⚠ Missing")+COUNTIF(Quartz!V5:V77,"❌ Disc") -> 14 | J11: =IFERROR(COUNTIF(Quartz!N5:N77,"<>"&"")/73,"—") -> 1 | K11: 113 | L11: =COUNTIF(Quartz!AE5:AE77,"✓ OK") -> 59 | M11: =COUNTIF(Quartz!AE5:AE77,"⚠ Check")+COUNTIF(Quartz!AE5:AE77,"⚠ Missing")+COUNTIF(Quartz!AE5:AE77,"❌ Disc") -> 14 | N11: =IFERROR(COUNTIF(Quartz!W5:W77,"<>"&"")/73,"—") -> 1 | O11: 113 | P11: =COUNTIF(Quartz!AN5:AN77,"✓ OK") -> 59 | Q11: =COUNTIF(Quartz!AN5:AN77,"⚠ Check")+COUNTIF(Quartz!AN5:AN77,"⚠ Missing")+COUNTIF(Quartz!AN5:AN77,"❌ Disc") -> 14 | R11: =IFERROR(COUNTIF(Quartz!AF5:AF77,"<>"&"")/73,"—") -> 1 | S11: 113 | T11: =COUNTIF(Quartz!AW5:AW77,"✓ OK") -> 0 | U11: =COUNTIF(Quartz!AW5:AW77,"⚠ Check")+COUNTIF(Quartz!AW5:AW77,"⚠ Missing")+COUNTIF(Quartz!AW5:AW77,"❌ Disc") -> 0 | V11: =IFERROR(COUNTIF(Quartz!AO5:AO77,"<>"&"")/73,"—") -> 0
B12: Granite | C12: 12 | D12: =COUNTIF(Granite!M5:M16,"✓ OK") -> 10 | E12: =COUNTIF(Granite!M5:M16,"⚠ Check")+COUNTIF(Granite!M5:M16,"⚠ Missing")+COUNTIF(Granite!M5:M16,"❌ Disc") -> 2 | F12: =IFERROR(COUNTIF(Granite!E5:E16,"<>"&"")/12,"—") -> 1 | G12: 12 | H12: =COUNTIF(Granite!V5:V15,"✓ OK") -> 9 | I12: =COUNTIF(Granite!V5:V15,"⚠ Check")+COUNTIF(Granite!V5:V15,"⚠ Missing")+COUNTIF(Granite!V5:V15,"❌ Disc") -> 2 | J12: =IFERROR(COUNTIF(Granite!N5:N15,"<>"&"")/11,"—") -> 1 | K12: 12 | L12: =COUNTIF(Granite!AE5:AE15,"✓ OK") -> 11 | M12: =COUNTIF(Granite!AE5:AE15,"⚠ Check")+COUNTIF(Granite!AE5:AE15,"⚠ Missing")+COUNTIF(Granite!AE5:AE15,"❌ Disc") -> 0 | N12: =IFERROR(COUNTIF(Granite!W5:W15,"<>"&"")/11,"—") -> 1 | O12: 12 | P12: =COUNTIF(Granite!AN5:AN15,"✓ OK") -> 11 | Q12: =COUNTIF(Granite!AN5:AN15,"⚠ Check")+COUNTIF(Granite!AN5:AN15,"⚠ Missing")+COUNTIF(Granite!AN5:AN15,"❌ Disc") -> 0 | R12: =IFERROR(COUNTIF(Granite!AF5:AF15,"<>"&"")/11,"—") -> 1 | S12: 12 | T12: =COUNTIF(Granite!AW5:AW15,"✓ OK") -> 0 | U12: =COUNTIF(Granite!AW5:AW15,"⚠ Check")+COUNTIF(Granite!AW5:AW15,"⚠ Missing")+COUNTIF(Granite!AW5:AW15,"❌ Disc") -> 0 | V12: =IFERROR(COUNTIF(Granite!AO5:AO15,"<>"&"")/11,"—") -> 0
B13: Wooden Flooring | C13: 22 | D13: =COUNTIF('Wooden Flooring'!M5:M26,"✓ OK") -> 17 | E13: =COUNTIF('Wooden Flooring'!M5:M26,"⚠ Check")+COUNTIF('Wooden Flooring'!M5:M26,"⚠ Missing")+COUNTIF('Wooden Flooring'!M5:M26,"❌ Disc") -> 5 | F13: =IFERROR(COUNTIF('Wooden Flooring'!E5:E26,"<>"&"")/22,"—") -> 1 | G13: 22 | H13: =COUNTIF('Wooden Flooring'!V5:V26,"✓ OK") -> 17 | I13: =COUNTIF('Wooden Flooring'!V5:V26,"⚠ Check")+COUNTIF('Wooden Flooring'!V5:V26,"⚠ Missing")+COUNTIF('Wooden Flooring'!V5:V26,"❌ Disc") -> 5 | J13: =IFERROR(COUNTIF('Wooden Flooring'!N5:N26,"<>"&"")/22,"—") -> 1 | K13: 22 | L13: =COUNTIF('Wooden Flooring'!AE5:AE26,"✓ OK") -> 17 | M13: =COUNTIF('Wooden Flooring'!AE5:AE26,"⚠ Check")+COUNTIF('Wooden Flooring'!AE5:AE26,"⚠ Missing")+COUNTIF('Wooden Flooring'!AE5:AE26,"❌ Disc") -> 5 | N13: =IFERROR(COUNTIF('Wooden Flooring'!W5:W26,"<>"&"")/22,"—") -> 1 | O13: 22 | P13: =COUNTIF('Wooden Flooring'!AN5:AN26,"✓ OK") -> 17 | Q13: =COUNTIF('Wooden Flooring'!AN5:AN26,"⚠ Check")+COUNTIF('Wooden Flooring'!AN5:AN26,"⚠ Missing")+COUNTIF('Wooden Flooring'!AN5:AN26,"❌ Disc") -> 5 | R13: =IFERROR(COUNTIF('Wooden Flooring'!AF5:AF26,"<>"&"")/22,"—") -> 1 | S13: 22 | T13: =COUNTIF('Wooden Flooring'!AW5:AW26,"✓ OK") -> 0 | U13: =COUNTIF('Wooden Flooring'!AW5:AW26,"⚠ Check")+COUNTIF('Wooden Flooring'!AW5:AW26,"⚠ Missing")+COUNTIF('Wooden Flooring'!AW5:AW26,"❌ Disc") -> 0 | V13: =IFERROR(COUNTIF('Wooden Flooring'!AO5:AO26,"<>"&"")/22,"—") -> 0
B14: Beading | C14: 35 | D14: =COUNTIF(Beading!M5:M39,"✓ OK") -> 35 | E14: =COUNTIF(Beading!M5:M39,"⚠ Check")+COUNTIF(Beading!M5:M39,"⚠ Missing")+COUNTIF(Beading!M5:M39,"❌ Disc") -> 0 | F14: =IFERROR(COUNTIF(Beading!E5:E39,"<>"&"")/35,"—") -> 1 | G14: 35 | H14: =COUNTIF(Beading!V5:V39,"✓ OK") -> 35 | I14: =COUNTIF(Beading!V5:V39,"⚠ Check")+COUNTIF(Beading!V5:V39,"⚠ Missing")+COUNTIF(Beading!V5:V39,"❌ Disc") -> 0 | J14: =IFERROR(COUNTIF(Beading!N5:N39,"<>"&"")/35,"—") -> 1 | K14: 35 | L14: =COUNTIF(Beading!AE5:AE39,"✓ OK") -> 35 | M14: =COUNTIF(Beading!AE5:AE39,"⚠ Check")+COUNTIF(Beading!AE5:AE39,"⚠ Missing")+COUNTIF(Beading!AE5:AE39,"❌ Disc") -> 0 | N14: =IFERROR(COUNTIF(Beading!W5:W39,"<>"&"")/35,"—") -> 1 | O14: 35 | P14: =COUNTIF(Beading!AN5:AN39,"✓ OK") -> 35 | Q14: =COUNTIF(Beading!AN5:AN39,"⚠ Check")+COUNTIF(Beading!AN5:AN39,"⚠ Missing")+COUNTIF(Beading!AN5:AN39,"❌ Disc") -> 0 | R14: =IFERROR(COUNTIF(Beading!AF5:AF39,"<>"&"")/35,"—") -> 1 | S14: 35 | T14: =COUNTIF(Beading!AW5:AW39,"✓ OK") -> 0 | U14: =COUNTIF(Beading!AW5:AW39,"⚠ Check")+COUNTIF(Beading!AW5:AW39,"⚠ Missing")+COUNTIF(Beading!AW5:AW39,"❌ Disc") -> 0 | V14: =IFERROR(COUNTIF(Beading!AO5:AO39,"<>"&"")/35,"—") -> 0
B15: Bonito Legs | C15: 76 | D15: =COUNTIF('Bonito Legs'!M5:M80,"✓ OK") -> 76 | E15: =COUNTIF('Bonito Legs'!M5:M80,"⚠ Check")+COUNTIF('Bonito Legs'!M5:M80,"⚠ Missing")+COUNTIF('Bonito Legs'!M5:M80,"❌ Disc") -> 0 | F15: =IFERROR(COUNTIF('Bonito Legs'!E5:E80,"<>"&"")/76,"—") -> 1 | G15: 76 | H15: =COUNTIF('Bonito Legs'!V5:V80,"✓ OK") -> 76 | I15: =COUNTIF('Bonito Legs'!V5:V80,"⚠ Check")+COUNTIF('Bonito Legs'!V5:V80,"⚠ Missing")+COUNTIF('Bonito Legs'!V5:V80,"❌ Disc") -> 0 | J15: =IFERROR(COUNTIF('Bonito Legs'!N5:N80,"<>"&"")/76,"—") -> 1 | K15: 76 | L15: =COUNTIF('Bonito Legs'!AE5:AE80,"✓ OK") -> 76 | M15: =COUNTIF('Bonito Legs'!AE5:AE80,"⚠ Check")+COUNTIF('Bonito Legs'!AE5:AE80,"⚠ Missing")+COUNTIF('Bonito Legs'!AE5:AE80,"❌ Disc") -> 0 | N15: =IFERROR(COUNTIF('Bonito Legs'!W5:W80,"<>"&"")/76,"—") -> 1 | O15: 76 | P15: =COUNTIF('Bonito Legs'!AN5:AN80,"✓ OK") -> 76 | Q15: =COUNTIF('Bonito Legs'!AN5:AN80,"⚠ Check")+COUNTIF('Bonito Legs'!AN5:AN80,"⚠ Missing")+COUNTIF('Bonito Legs'!AN5:AN80,"❌ Disc") -> 0 | R15: =IFERROR(COUNTIF('Bonito Legs'!AF5:AF80,"<>"&"")/76,"—") -> 1 | S15: 76 | T15: =COUNTIF('Bonito Legs'!AW5:AW80,"✓ OK") -> 0 | U15: =COUNTIF('Bonito Legs'!AW5:AW80,"⚠ Check")+COUNTIF('Bonito Legs'!AW5:AW80,"⚠ Missing")+COUNTIF('Bonito Legs'!AW5:AW80,"❌ Disc") -> 0 | V15: =IFERROR(COUNTIF('Bonito Legs'!AO5:AO80,"<>"&"")/76,"—") -> 0
B16: Handles | C16: 512 | D16: =COUNTIF(Handles!M5:M516,"✓ OK") -> 396 | E16: =COUNTIF(Handles!M5:M516,"⚠ Check")+COUNTIF(Handles!M5:M516,"⚠ Missing")+COUNTIF(Handles!M5:M516,"❌ Disc") -> 116 | F16: =IFERROR(COUNTIF(Handles!E5:E516,"<>"&"")/512,"—") -> 1 | G16: 512 | H16: =COUNTIF(Handles!V5:V516,"✓ OK") -> 396 | I16: =COUNTIF(Handles!V5:V516,"⚠ Check")+COUNTIF(Handles!V5:V516,"⚠ Missing")+COUNTIF(Handles!V5:V516,"❌ Disc") -> 116 | J16: =IFERROR(COUNTIF(Handles!N5:N516,"<>"&"")/512,"—") -> 1 | K16: 512 | L16: =COUNTIF(Handles!AE5:AE516,"✓ OK") -> 394 | M16: =COUNTIF(Handles!AE5:AE516,"⚠ Check")+COUNTIF(Handles!AE5:AE516,"⚠ Missing")+COUNTIF(Handles!AE5:AE516,"❌ Disc") -> 118 | N16: =IFERROR(COUNTIF(Handles!W5:W516,"<>"&"")/512,"—") -> 1 | O16: 512 | P16: =COUNTIF(Handles!AN5:AN516,"✓ OK") -> 402 | Q16: =COUNTIF(Handles!AN5:AN516,"⚠ Check")+COUNTIF(Handles!AN5:AN516,"⚠ Missing")+COUNTIF(Handles!AN5:AN516,"❌ Disc") -> 110 | R16: =IFERROR(COUNTIF(Handles!AF5:AF516,"<>"&"")/512,"—") -> 1 | S16: 512 | T16: =COUNTIF(Handles!AW5:AW516,"✓ OK") -> 0 | U16: =COUNTIF(Handles!AW5:AW516,"⚠ Check")+COUNTIF(Handles!AW5:AW516,"⚠ Missing")+COUNTIF(Handles!AW5:AW516,"❌ Disc") -> 0 | V16: =IFERROR(COUNTIF(Handles!AO5:AO516,"<>"&"")/512,"—") -> 0
B17: Fabric | C17: 288 | D17: =COUNTIF(Fabric!M5:M292,"✓ OK") -> 288 | E17: =COUNTIF(Fabric!M5:M292,"⚠ Check")+COUNTIF(Fabric!M5:M292,"⚠ Missing")+COUNTIF(Fabric!M5:M292,"❌ Disc") -> 0 | F17: =IFERROR(COUNTIF(Fabric!E5:E292,"<>"&"")/288,"—") -> 1 | G17: 288 | H17: =COUNTIF(Fabric!V5:V292,"✓ OK") -> 248 | I17: =COUNTIF(Fabric!V5:V292,"⚠ Check")+COUNTIF(Fabric!V5:V292,"⚠ Missing")+COUNTIF(Fabric!V5:V292,"❌ Disc") -> 40 | J17: =IFERROR(COUNTIF(Fabric!N5:N292,"<>"&"")/486,"—") -> 0.59259259 | K17: 288 | L17: =COUNTIF(Fabric!AE5:AE292,"✓ OK") -> 248 | M17: =COUNTIF(Fabric!AE5:AE292,"⚠ Check")+COUNTIF(Fabric!AE5:AE292,"⚠ Missing")+COUNTIF(Fabric!AE5:AE292,"❌ Disc") -> 40 | N17: =IFERROR(COUNTIF(Fabric!W5:W292,"<>"&"")/486,"—") -> 0.59259259 | O17: 288 | P17: =COUNTIF(Fabric!AN5:AN292,"✓ OK") -> 248 | Q17: =COUNTIF(Fabric!AN5:AN292,"⚠ Check")+COUNTIF(Fabric!AN5:AN292,"⚠ Missing")+COUNTIF(Fabric!AN5:AN292,"❌ Disc") -> 40 | R17: =IFERROR(COUNTIF(Fabric!AF5:AF292,"<>"&"")/486,"—") -> 0.59259259 | S17: 288 | T17: =COUNTIF(Fabric!AW5:AW292,"✓ OK") -> 0 | U17: =COUNTIF(Fabric!AW5:AW292,"⚠ Check")+COUNTIF(Fabric!AW5:AW292,"⚠ Missing")+COUNTIF(Fabric!AW5:AW292,"❌ Disc") -> 0 | V17: =IFERROR(COUNTIF(Fabric!AO5:AO292,"<>"&"")/486,"—") -> 0
B18: TOTAL: 3,067 SKUs across 12 categories
B20: HOW TO USE ▼
B21: 1. Click a category tab (e.g. 'Laminates') to open that sheet
B22: 2. Each sheet has 5 AUDIT blocks — fill Audit 1 now, Audit 2 next time, and so on
B23: 3. Always enter AUDIT DATE and AUDITOR NAME at the start of each audit block
B24: 4. Yellow cells = Comments/Remarks — type your notes here
B25: 5. Status auto-updates: ✓ OK (green) | ⚠ Check (yellow) | ⚠ Missing / ❌ Disc (red)
B26: 6. This Dashboard auto-counts OK, Issues and % completion per audit round

Sheet Laminates
A1: 📋 HRBR EC — LAMINATES | Multi-Round Audit Tracker
A2: ➤ Fill AUDIT DATE & AUDITOR first in each block | Yellow = Comments | Status auto-updates | Next audit → use next block
E3: AUDIT 1 | N3: AUDIT 2 | W3: AUDIT 3 | AF3: AUDIT 4 | AO3: AUDIT 5
A4: # | B4: ERP Code | C4: Material / Studio Name | D4: Brand | E4: Audit Date | F4: Auditor | G4: Sample in EC? | H4: Discontinued by Vendor? | I4: Visual Condition | J4: Conformance (Yes/No) | K4: COMMENTS / REMARKS | L4: Follow-Up Action | M4: Status | N4: Audit Date | O4: Auditor | P4: Sample in EC? | Q4: Discontinued by Vendor? | R4: Visual Condition | S4: Conformance (Yes/No) | T4: COMMENTS / REMARKS | U4: Follow-Up Action | V4: Status | W4: Audit Date | X4: Auditor | Y4: Sample in EC? | Z4: Discontinued by Vendor? | AA4: Visual Condition | AB4: Conformance (Yes/No) | AC4: COMMENTS / REMARKS | AD4: Follow-Up Action | AE4: Status | AF4: Audit Date | AG4: Auditor | AH4: Sample in EC? | AI4: Discontinued by Vendor? | AJ4: Visual Condition | AK4: Conformance (Yes/No) | AL4: COMMENTS / REMARKS | AM4: Follow-Up Action | AN4: Status | AO4: Audit Date | AP4: Auditor | AQ4: Sample in EC? | AR4: Discontinued by Vendor? | AS4: Visual Condition | AT4: Conformance (Yes/No) | AU4: COMMENTS / REMARKS | AV4: Follow-Up Action | AW4: Status
A5: 1 | B5: BD-LAM-2024-0106 | C5: Calacatta Art - 1540 MI(Diamond) | D5: Century Laminates | E5: 46125 | F5: Sunil CR | G5: Yes | H5: No | I5: Good finish | J5: Yes | L5: No | M5: =IF(E5="","",IF(H5="Yes","❌ Disc",IF(G5="No","⚠ Missing",IF(J5="Yes","✓ OK","⚠ Check")))) -> ✓ OK | N5: 46193 | O5: Sunil CR | P5: No | Q5: Yes | R5: Discontinued | S5: No | U5: No | V5: =IF(N5="","",IF(Q5="Yes","❌ Disc",IF(P5="No","⚠ Missing",IF(S5="Yes","✓ OK","⚠ Check")))) -> ❌ Disc | W5: 46248 | X5: Sunil CR | Y5: No | Z5: Yes | AA5: Discontinued | AB5: No | AD5: No | AE5: =IF(W5="","",IF(Z5="Yes","❌ Disc",IF(Y5="No","⚠ Missing",IF(AB5="Yes","✓ OK","⚠ Check")))) -> ❌ Disc | AF5: 18-09-2026 | AG5: Sunil CR | AH5: No | AI5: Yes | AJ5: Discontinued | AK5: No | AM5: No | AN5: =IF(AF5="","",IF(AI5="Yes","❌ Disc",IF(AH5="No","⚠ Missing",IF(AK5="Yes","✓ OK","⚠ Check")))) -> ❌ Disc | AW5: =IF(AO5="","",IF(AR5="Yes","❌ Disc",IF(AQ5="No","⚠ Missing",IF(AT5="Yes","✓ OK","⚠ Check"))))
A6: 2 | B6: BD-LAM-2024-0107 | C6: Delight Insignia - 1562 MI(Diamond) | D6: Century Laminates | E6: 46125 | F6: Sunil CR | G6: Yes | H6: No | I6: Good finish | J6: Yes | L6: No | M6: =IF(E6="","",IF(H6="Yes","❌ Disc",IF(G6="No","⚠ Missing",IF(J6="Yes","✓ OK","⚠ Check")))) -> ✓ OK | N6: 46193 | O6: Sunil CR | P6: No | Q6: Yes | R6: Discontinued | S6: No | U6: No | V6: =IF(N6="","",IF(Q6="Yes","❌ Disc",IF(P6="No","⚠ Missing",IF(S6="Yes","✓ OK","⚠ Check")))) -> ❌ Disc | W6: 46248 | X6: Sunil CR | Y6: No | Z6: Yes | AA6: Discontinued | AB6: No | AD6: No | AE6: =IF(W6="","",IF(Z6="Yes","❌ Disc",IF(Y6="No","⚠ Missing",IF(AB6="Yes","✓ OK","⚠ Check")))) -> ❌ Disc | AF6: 18-09-2026 | AG6: Sunil CR | AH6: No | AI6: Yes | AJ6: Discontinued | AK6: No | AM6: No | AN6: =IF(AF6="","",IF(AI6="Yes","❌ Disc",IF(AH6="No","⚠ Missing",IF(AK6="Yes","✓ OK","⚠ Check")))) -> ❌ Disc | AW6: =IF(AO6="","",IF(AR6="Yes","❌ Disc",IF(AQ6="No","⚠ Missing",IF(AT6="Yes","✓ OK","⚠ Check"))))
A7: 3 | B7: BD-LAM-2023-0039 | C7: Lavante Royale - 1543 MI(Diamond) | D7: Century Laminates | E7: 46125 | F7: Sunil CR | G7: Yes | H7: No | I7: Good finish | J7: Yes | L7: No | M7: =IF(E7="","",IF(H7="Yes","❌ Disc",IF(G7="No","⚠ Missing",IF(J7="Yes","✓ OK","⚠ Check")))) -> ✓ OK | N7: 46193 | O7: Sunil CR | P7: No | Q7: Yes | R7: Discontinued | S7: No | U7: No | V7: =IF(N7="","",IF(Q7="Yes","❌ Disc",IF(P7="No","⚠ Missing",IF(S7="Yes","✓ OK","⚠ Check")))) -> ❌ Disc | W7: 46248 | X7: Sunil CR | Y7: No | Z7: Yes | AA7: Discontinued | AB7: No | AD7: No | AE7: =IF(W7="","",IF(Z7="Yes","❌ Disc",IF(Y7="No","⚠ Missing",IF(AB7="Yes","✓ OK","⚠ Check")))) -> ❌ Disc | AF7: 18-09-2026 | AG7: Sunil CR | AH7: No | AI7: Yes | AJ7: Discontinued | AK7: No | AM7: No | AN7: =IF(AF7="","",IF(AI7="Yes","❌ Disc",IF(AH7="No","⚠ Missing",IF(AK7="Yes","✓ OK","⚠ Check")))) -> ❌ Disc | AW7: =IF(AO7="","",IF(AR7="Yes","❌ Disc",IF(AQ7="No","⚠ Missing",IF(AT7="Yes","✓ OK","⚠ Check"))))
A8: 4 | B8: BD-LAM-2024-0105 | C8: Rojo Art - 1539 MI(Diamond) | D8: Century Laminates | E8: 46125 | F8: Sunil CR | G8: Yes | H8: No | I8: Good finish | J8: Yes | L8: No | M8: =IF(E8="","",IF(H8="Yes","❌ Disc",IF(G8="No","⚠ Missing",IF(J8="Yes","✓ OK","⚠ Check")))) -> ✓ OK | N8: 46193 | O8: Sunil CR | P8: No | Q8: Yes | R8: Discontinued | S8: No | U8: No | V8: =IF(N8="","",IF(Q8="Yes","❌ Disc",IF(P8="No","⚠ Missing",IF(S8="Yes","✓ OK","⚠ Check")))) -> ❌ Disc | W8: 46248 | X8: Sunil CR | Y8: No | Z8: Yes | AA8: Discontinued | AB8: No | AD8: No | AE8: =IF(W8="","",IF(Z8="Yes","❌ Disc",IF(Y8="No","⚠ Missing",IF(AB8="Yes","✓ OK","⚠ Check")))) -> ❌ Disc | AF8: 18-09-2026 | AG8: Sunil CR | AH8: No | AI8: Yes | AJ8: Discontinued | AK8: No | AM8: No | AN8: =IF(AF8="","",IF(AI8="Yes","❌ Disc",IF(AH8="No","⚠ Missing",IF(AK8="Yes","✓ OK","⚠ Check")))) -> ❌ Disc | AW8: =IF(AO8="","",IF(AR8="Yes","❌ Disc",IF(AQ8="No","⚠ Missing",IF(AT8="Yes","✓ OK","⚠ Check"))))
A9: 5 | B9: BD-LAM-2024-0104 | C9: Sicilian Art - 1538 MI(Diamond) | D9: Century Laminates | E9: 46125 | F9: Sunil CR | G9: Yes | H9: No | I9: Good finish | J9: Yes | L9: No | M9: =IF(E9="","",IF(H9="Yes","❌ Disc",IF(G9="No","⚠ Missing",IF(J9="Yes","✓ OK","⚠ Check")))) -> ✓ OK | N9: 46193 | O9: Sunil CR | P9: No | Q9: Yes | R9: Discontinued | S9: No | U9: No | V9: =IF(N9="","",IF(Q9="Yes","❌ Disc",IF(P9="No","⚠ Missing",IF(S9="Yes","✓ OK","⚠ Check")))) -> ❌ Disc | W9: 46248 | X9: Sunil CR | Y9: No | Z9: Yes | AA9: Discontinued | AB9: No | AD9: No | AE9: =IF(W9="","",IF(Z9="Yes","❌ Disc",IF(Y9="No","⚠ Missing",IF(AB9="Yes","✓ OK","⚠ Check")))) -> ❌ Disc | AF9: 18-09-2026 | AG9: Sunil CR | AH9: No | AI9: Yes | AJ9: Discontinued | AK9: No | AM9: No | AN9: =IF(AF9="","",IF(AI9="Yes","❌ Disc",IF(AH9="No","⚠ Missing",IF(AK9="Yes","✓ OK","⚠ Check")))) -> ❌ Disc | AW9: =IF(AO9="","",IF(AR9="Yes","❌ Disc",IF(AQ9="No","⚠ Missing",IF(AT9="Yes","✓ OK","⚠ Check"))))
A10: 6 | B10: Lam GL 5373 ARA | C10: Aspen Oak(Platinum) | D10: GREENLAM | E10: 46125 | F10: Sunil CR | G10: Yes | H10: No | I10: Good finish | J10: Yes | L10: No | M10: =IF(E10="","",IF(H10="Yes","❌ Disc",IF(G10="No","⚠ Missing",IF(J10="Yes","✓ OK","⚠ Check")))) -> ✓ OK | N10: 46193 | O10: Sunil CR | P10: Yes | Q10: No | R10: Good finish | S10: Yes | U10: No | V10: =IF(N10="","",IF(Q10="Yes","❌ Disc",IF(P10="No","⚠ Missing",IF(S10="Yes","✓ OK","⚠ Check")))) -> ✓ OK | W10: 46248 | X10: Sunil CR | Y10: Yes | Z10: No | AA10: Good finish | AB10: Yes | AD10: No | AE10: =IF(W10="","",IF(Z10="Yes","❌ Disc",IF(Y10="No","⚠ Missing",IF(AB10="Yes","✓ OK","⚠ Check")))) -> ✓ OK | AF10: 18-09-2026 | AG10: Sunil CR | AH10: Yes | AI10: No | AJ10: Good finish | AK10: Yes | AM10: No | AN10: =IF(AF10="","",IF(AI10="Yes","❌ Disc",IF(AH10="No","⚠ Missing",IF(AK10="Yes","✓ OK","⚠ Check")))) -> ✓ OK | AW10: =IF(AO10="","",IF(AR10="Yes","❌ Disc",IF(AQ10="No","⚠ Missing",IF(AT10="Yes","✓ OK","⚠ Check"))))
A11: 7 | B11: Lam GL 5575 SGL | C11: Black Marmor(Platinum) | D11: GREENLAM | E11: 46125 | F11: Sunil CR | G11: Yes | H11: No | I11: Good finish | J11: Yes | L11: No | M11: =IF(E11="","",IF(H11="Yes","❌ Disc",IF(G11="No","⚠ Missing",IF(J11="Yes","✓ OK","⚠ Check")))) -> ✓ OK | N11: 46193 | O11: Sunil CR | P11: Yes | Q11: No | R11: Good finish | S11: Yes | U11: No | V11: =IF(N11="","",IF(Q11="Yes","❌ Disc",IF(P11="No","⚠ Missing",IF(S11="Yes","✓ OK","⚠ Check")))) -> ✓ OK | W11: 46248 | X11: Sunil CR | Y11: Yes | Z11: No | AA11: Good finish | AB11: Yes | AD11: No | AE11: =IF(W11="","",IF(Z11="Yes","❌ Disc",IF(Y11="No","⚠ Missing",IF(AB11="Yes","✓ OK","⚠ Check")))) -> ✓ OK | AF11: 18-09-2026 | AG11: Sunil CR | AH11: Yes | AI11: No | AJ11: Good finish | AK11: Yes | AM11: No | AN11: =IF(AF11="","",IF(AI11="Yes","❌ Disc",IF(AH11="No","⚠ Missing",IF(AK11="Yes","✓ OK","⚠ Check")))) -> ✓ OK | AW11: =IF(AO11="","",IF(AR11="Yes","❌ Disc",IF(AQ11="No","⚠ Missing",IF(AT11="Yes","✓ OK","⚠ Check"))))
A12: 8 | B12: Lam GL 401 SGL | C12: Black(Platinum) | D12: GREENLAM | E12: 46125 | F12: Sunil CR | G12: Yes | H12: No | I12: Good finish | J12: Yes | L12: No | M12: =IF(E12="","",IF(H12="Yes","❌ Disc",IF(G12="No","⚠ Missing",IF(J12="Yes","✓ OK","⚠ Check")))) -> ✓ OK | N12: 46193 | O12: Sunil CR | P12: Yes | Q12: No | R12: Good finish | S12: Yes | U12: No | V12: =IF(N12="","",IF(Q12="Yes","❌ Disc",IF(P12="No","⚠ Missing",IF(S12="Yes","✓ OK","⚠ Check")))) -> ✓ OK | W12: 46248 | X12: Sunil CR | Y12: Yes | Z12: No | AA12: Good finish | AB12: Yes | AD12: No | AE12: =IF(W12="","",IF(Z12="Yes","❌ Disc",IF(Y12="No","⚠ Missing",IF(AB12="Yes","✓ OK","⚠ Check")))) -> ✓ OK | AF12: 18-09-2026 | AG12: Sunil CR | AH12: Yes | AI12: No | AJ12: Good finish | AK12: Yes | AM12: No | AN12: =IF(AF12="","",IF(AI12="Yes","❌ Disc",IF(AH12="No","⚠ Missing",IF(AK12="Yes","✓ OK","⚠ Check")))) -> ✓ OK | AW12: =IF(AO12="","",IF(AR12="Yes","❌ Disc",IF(AQ12="No","⚠ Missing",IF(AT12="Yes","✓ OK","⚠ Check"))))
A13: 9 | B13: Lam GL 181 SUD | C13: Chocolate(Gold) | D13: GREENLAM | E13: 46125 | F13: Sunil CR | G13: Yes | H13: No | I13: Good finish | J13: Yes | L13: No | M13: =IF(E13="","",IF(H13="Yes","❌ Disc",IF(G13="No","⚠ Missing",IF(J13="Yes","✓ OK","⚠ Check")))) -> ✓ OK | N13: 46193 | O13: Sunil CR | P13: Yes | Q13: No | R13: Good finish | S13: Yes | U13: No | V13: =IF(N13="","",IF(Q13="Yes","❌ Disc",IF(P13="No","⚠ Missing",IF(S13="Yes","✓ OK","⚠ Check")))) -> ✓ OK | W13: 46248 | X13: Sunil CR | Y13: Yes | Z13: No | AA13: Good finish | AB13: Yes | AD13: No | AE13: =IF(W13="","",IF(Z13="Yes","❌ Disc",IF(Y13="No","⚠ Missing",IF(AB13="Yes","✓ OK","⚠ Check")))) -> ✓ OK | AF13: 18-09-2026 | AG13: Sunil CR | AH13: Yes | AI13: No | AJ13: Good finish | AK13: Yes | AM13: No | AN13: =IF(AF13="","",IF(AI13="Yes","❌ Disc",IF(AH13="No","⚠ Missing",IF(AK13="Yes","✓ OK","⚠ Check")))) -> ✓ OK | AW13: =IF(AO13="","",IF(AR13="Yes","❌ Disc",IF(AQ13="No","⚠ Missing",IF(AT13="Yes","✓ OK","⚠ Check"))))
A14: 10 | B14: Lam GL 5571 STN | C14: Creme Marquina(Platinum) | D14: GREENLAM | E14: 46125 | F14: Sunil CR | G14: Yes | H14: No | I14: Good finish | J14: Yes | L14: No | M14: =IF(E14="","",IF(H14="Yes","❌ Disc",IF(G14="No","⚠ Missing",IF(J14="Yes","✓ OK","⚠ Check")))) -> ✓ OK | N14: 46193 | O14: Sunil CR | P14: Yes | Q14: No | R14: Good finish | S14: Yes | U14: No | V14: =IF(N14="","",IF(Q14="Yes","❌ Disc",IF(P14="No","⚠ Missing",IF(S14="Yes","✓ OK","⚠ Check")))) -> ✓ OK | W14: 46248 | X14: Sunil CR | Y14: Yes | Z14: No | AA14: Good finish | AB14: Yes | AD14: No | AE14: =IF(W14="","",IF(Z14="Yes","❌ Disc",IF(Y14="No","⚠ Missing",IF(AB14="Yes","✓ OK","⚠ Check")))) -> ✓ OK | AF14: 18-09-2026 | AG14: Sunil CR | AH14: Yes | AI14: No | AJ14: Good finish | AK14: Yes | AM14: No | AN14: =IF(AF14="","",IF(AI14="Yes","❌ Disc",IF(AH14="No","⚠ Missing",IF(AK14="Yes","✓ OK","⚠ Check")))) -> ✓ OK | AW14: =IF(AO14="","",IF(AR14="Yes","❌ Disc",IF(AQ14="No","⚠ Missing",IF(AT14="Yes","✓ OK","⚠ Check"))))
A15: 11 | B15: Lam GL 361 SGL | C15: Golf Green(Platinum) | D15: GREENLAM | E15: 46125 | F15: Sunil CR | G15: Yes | H15: No | I15: Good finish | J15: Yes | L15: No | M15: =IF(E15="","",IF(H15="Yes","❌ Disc",IF(G15="No","⚠ Missing",IF(J15="Yes","✓ OK","⚠ Check")))) -> ✓ OK | N15: 46193 | O15: Sunil CR | P15: Yes | Q15: No | R15: Good finish | S15: Yes | U15: No | V15: =IF(N15="","",IF(Q15="Yes","❌ Disc",IF(P15="No","⚠ Missing",IF(S15="Yes","✓ OK","⚠ Check")))) -> ✓ OK | W15: 46248 | X15: Sunil CR | Y15: Yes | Z15: No | AA15: Good finish | AB15: Yes | AD15: No | AE15: =IF(W15="","",IF(Z15="Yes","❌ Disc",IF(Y15="No","⚠ Missing",IF(AB15="Yes","✓ OK","⚠ Check")))) -> ✓ OK | AF15: 18-09-2026 | AG15: Sunil CR | AH15: Yes | AI15: No | AJ15: Good finish | AK15: Yes | AM15: No | AN15: =IF(AF15="","",IF(AI15="Yes","❌ Disc",IF(AH15="No","⚠ Missing",IF(AK15="Yes","✓ OK","⚠ Check")))) -> ✓ OK | AW15: =IF(AO15="","",IF(AR15="Yes","❌ Disc",IF(AQ15="No","⚠ Missing",IF(AT15="Yes","✓ OK","⚠ Check"))))
A16: 12 | B16: Lam GL 5372 SUD | C16: Grey Magic(Gold) | D16: GREENLAM | E16: 46125 | F16: Sunil CR | G16: Yes | H16: No | I16: Good finish | J16: Yes | L16: No | M16: =IF(E16="","",IF(H16="Yes","❌ Disc",IF(G16="No","⚠ Missing",IF(J16="Yes","✓ OK","⚠ Check")))) -> ✓ OK | N16: 46193 | O16: Sunil CR | P16: Yes | Q16: No | R16: Good finish | S16: Yes | U16: No | V16: =IF(N16="","",IF(Q16="Yes","❌ Disc",IF(P16="No","⚠ Missing",IF(S16="Yes","✓ OK","⚠ Check")))) -> ✓ OK | W16: 46248 | X16: Sunil CR | Y16: Yes | Z16: No | AA16: Good finish | AB16: Yes | AD16: No | AE16: =IF(W16="","",IF(Z16="Yes","❌ Disc",IF(Y16="No","⚠ Missing",IF(AB16="Yes","✓ OK","⚠ Check")))) -> ✓ OK | AF16: 18-09-2026 | AG16: Sunil CR | AH16: Yes | AI16: No | AJ16: Good finish | AK16: Yes | AM16: No | AN16: =IF(AF16="","",IF(AI16="Yes","❌ Disc",IF(AH16="No","⚠ Missing",IF(AK16="Yes","✓ OK","⚠ Check")))) -> ✓ OK | AW16: =IF(AO16="","",IF(AR16="Yes","❌ Disc",IF(AQ16="No","⚠ Missing",IF(AT16="Yes","✓ OK","⚠ Check"))))
... A48: 44 | B48: Lam GL 693 SUD | C48: Vancouver Maple(Gold) | D48: GREENLAM | E48: 46125 | F48: Sunil CR | G48: Yes | H48: No | I48: Good finish | J48: Yes | L48: No | M48: =IF(E48="","",IF(H48="Yes","❌ Disc",IF(G48="No","⚠ Missing",IF(J48="Yes","✓ OK","⚠ Check")))) -> ✓ OK | N48: 46193 | O48: Sunil CR | P48: Yes | Q48: No | R48: Good finish | S48: Yes | U48: No | V48: =IF(N48="","",IF(Q48="Yes","❌ Disc",IF(P48="No","⚠ Missing",IF(S48="Yes","✓ OK","⚠ Check")))) -> ✓ OK | W48: 46248 | X48: Sunil CR | Y48: Yes | Z48: No | AA48: Good finish | AB48: Yes | AD48: No | AE48: =IF(W48="","",IF(Z48="Yes","❌ Disc",IF(Y48="No","⚠ Missing",IF(AB48="Yes","✓ OK","⚠ Check")))) -> ✓ OK | AF48: 18-09-2026 | AG48: Sunil CR | AH48: Yes | AI48: No | AJ48: Good finish | AK48: Yes | AM48: No | AN48: =IF(AF48="","",IF(AI48="Yes","❌ Disc",IF(AH48="No","⚠ Missing",IF(AK48="Yes","✓ OK","⚠ Check")))) -> ✓ OK | AW48: =IF(AO48="","",IF(AR48="Yes","❌ Disc",IF(AQ48="No","⚠ Missing",IF(AT48="Yes","✓ OK","⚠ Check"))))
A49: 53 | B49: BD-LAM-2024-0003 | C49: Royal Touch - RT Crystal Z+ PP 1123 1.25mm(Diamond) | D49: Royal Touche | E49: 46125 | F49: Sunil CR | G49: Yes | H49: No | I49: Minor defect | J49: No | K49: Categorization sticker is missing | L49: Yes | M49: =IF(E49="","",IF(H49="Yes","❌ Disc",IF(G49="No","⚠ Missing",IF(J49="Yes","✓ OK","⚠ Check")))) -> ⚠ Check | N49: 46193 | O49: Sunil CR | P49: Yes | Q49: No | R49: Minor defect | S49: No | T49: Categorization sticker is missing | U49: Yes | V49: =IF(N49="","",IF(Q49="Yes","❌ Disc",IF(P49="No","⚠ Missing",IF(S49="Yes","✓ OK","⚠ Check")))) -> ⚠ Check | W49: 46248 | X49: Sunil CR | Y49: Yes | Z49: No | AA49: Minor defect | AB49: No | AC49: Categorization sticker is missing | AD49: Yes | AE49: =IF(W49="","",IF(Z49="Yes","❌ Disc",IF(Y49="No","⚠ Missing",IF(AB49="Yes","✓ OK","⚠ Check")))) -> ⚠ Check | AF49: 18-09-2026 | AG49: Sunil CR | AH49: Yes | AI49: No | AJ49: Good finish | AK49: Yes | AM49: No | AN49: =IF(AF49="","",IF(AI49="Yes","❌ Disc",IF(AH49="No","⚠ Missing",IF(AK49="Yes","✓ OK","⚠ Check")))) -> ✓ OK | AW49: =IF(AO49="","",IF(AR49="Yes","❌ Disc",IF(AQ49="No","⚠ Missing",IF(AT49="Yes","✓ OK","⚠ Check"))))
A50: 54 | B50: BD-LAM-2024-0002 | C50: Royal Touch - RT Crystal Z+ PP 1166 1.25mm | D50: Royal Touche | E50: 46125 | F50: Sunil CR | G50: No | H50: No | I50: Not Available | J50: No | L50: Yes | M50: =IF(E50="","",IF(H50="Yes","❌ Disc",IF(G50="No","⚠ Missing",IF(J50="Yes","✓ OK","⚠ Check")))) -> ⚠ Missing | N50: 46193 | O50: Sunil CR | P50: No | Q50: No | R50: Not Available | S50: No | U50: Yes | V50: =IF(N50="","",IF(Q50="Yes","❌ Disc",IF(P50="No","⚠ Missing",IF(S50="Yes","✓ OK","⚠ Check")))) -> ⚠ Missing | W50: 46248 | X50: Sunil CR | Y50: No | Z50: No | AA50: Not Available | AB50: No | AD50: Yes | AE50: =IF(W50="","",IF(Z50="Yes","❌ Disc",IF(Y50="No","⚠ Missing",IF(AB50="Yes","✓ OK","⚠ Check")))) -> ⚠ Missing | AF50: 18-09-2026 | AG50: Sunil CR | AH50: No | AI50: No | AJ50: Not Available | AK50: No | AM50: Yes | AN50: =IF(AF50="","",IF(AI50="Yes","❌ Disc",IF(AH50="No","⚠ Missing",IF(AK50="Yes","✓ OK","⚠ Check")))) -> ⚠ Missing | AW50: =IF(AO50="","",IF(AR50="Yes","❌ Disc",IF(AQ50="No","⚠ Missing",IF(AT50="Yes","✓ OK","⚠ Check"))))
A51: 55 | B51: BD-LAM-2023-0002 | C51: Royal Touche - BM - 1746 - 1.25mm(Diamond) | D51: Royal Touche | E51: 46125 | F51: Sunil CR | G51: Yes | H51: No | I51: Good finish | J51: Yes | L51: No | M51: =IF(E51="","",IF(H51="Yes","❌ Disc",IF(G51="No","⚠ Missing",IF(J51="Yes","✓ OK","⚠ Check")))) -> ✓ OK | N51: 46193 | O51: Sunil CR | P51: Yes | Q51: No | R51: Good finish | S51: Yes | U51: No | V51: =IF(N51="","",IF(Q51="Yes","❌ Disc",IF(P51="No","⚠ Missing",IF(S51="Yes","✓ OK","⚠ Check")))) -> ✓ OK | W51: 46248 | X51: Sunil CR | Y51: Yes | Z51: No | AA51: Good finish | AB51: Yes | AD51: No | AE51: =IF(W51="","",IF(Z51="Yes","❌ Disc",IF(Y51="No","⚠ Missing",IF(AB51="Yes","✓ OK","⚠ Check")))) -> ✓ OK | AF51: 18-09-2026 | AG51: Sunil CR | AH51: Yes | AI51: No | AJ51: Good finish | AK51: Yes | AM51: No | AN51: =IF(AF51="","",IF(AI51="Yes","❌ Disc",IF(AH51="No","⚠ Missing",IF(AK51="Yes","✓ OK","⚠ Check")))) -> ✓ OK | AW51: =IF(AO51="","",IF(AR51="Yes","❌ Disc",IF(AQ51="No","⚠ Missing",IF(AT51="Yes","✓ OK","⚠ Check"))))
A52: 56 | B52: BD-LAM-2023-0009 | C52: Royal Touche - CRY - 1164 - 1.25mm(Diamond) | D52: Royal Touche | E52: 46125 | F52: Sunil CR | G52: Yes | H52: No | I52: Minor defect | J52: No | K52: Name Sticker to be Changed | L52: Yes | M52: =IF(E52="","",IF(H52="Yes","❌ Disc",IF(G52="No","⚠ Missing",IF(J52="Yes","✓ OK","⚠ Check")))) -> ⚠ Check | N52: 46193 | O52: Sunil CR | P52: Yes | Q52: No | R52: Minor defect | S52: No | T52: Name Sticker to be Changed | U52: Yes | V52: =IF(N52="","",IF(Q52="Yes","❌ Disc",IF(P52="No","⚠ Missing",IF(S52="Yes","✓ OK","⚠ Check")))) -> ⚠ Check | W52: 46248 | X52: Sunil CR | Y52: Yes | Z52: No | AA52: Good finish | AB52: Yes | AD52: Yes | AE52: =IF(W52="","",IF(Z52="Yes","❌ Disc",IF(Y52="No","⚠ Missing",IF(AB52="Yes","✓ OK","⚠ Check")))) -> ✓ OK | AF52: 18-09-2026 | AG52: Sunil CR | AH52: Yes | AI52: No | AJ52: Good finish | AK52: Yes | AM52: No | AN52: =IF(AF52="","",IF(AI52="Yes","❌ Disc",IF(AH52="No","⚠ Missing",IF(AK52="Yes","✓ OK","⚠ Check")))) -> ✓ OK | AW52: =IF(AO52="","",IF(AR52="Yes","❌ Disc",IF(AQ52="No","⚠ Missing",IF(AT52="Yes","✓ OK","⚠ Check"))))
A53: 57 | B53: BD-LAM-2023-0008 | C53: Royal Touche - CRY - 1174 - 1.25mm(Diamond) | D53: Royal Touche | E53: 46125 | F53: Sunil CR | G53: Yes | H53: No | I53: Good finish | J53: Yes | L53: No | M53: =IF(E53="","",IF(H53="Yes","❌ Disc",IF(G53="No","⚠ Missing",IF(J53="Yes","✓ OK","⚠ Check")))) -> ✓ OK | N53: 46193 | O53: Sunil CR | P53: Yes | Q53: No | R53: Good finish | S53: Yes | U53: No | V53: =IF(N53="","",IF(Q53="Yes","❌ Disc",IF(P53="No","⚠ Missing",IF(S53="Yes","✓ OK","⚠ Check")))) -> ✓ OK | W53: 46248 | X53: Sunil CR | Y53: Yes | Z53: No | AA53: Good finish | AB53: Yes | AD53: No | AE53: =IF(W53="","",IF(Z53="Yes","❌ Disc",IF(Y53="No","⚠ Missing",IF(AB53="Yes","✓ OK","⚠ Check")))) -> ✓ OK | AF53: 18-09-2026 | AG53: Sunil CR | AH53: Yes | AI53: No | AJ53: Good finish | AK53: Yes | AM53: No | AN53: =IF(AF53="","",IF(AI53="Yes","❌ Disc",IF(AH53="No","⚠ Missing",IF(AK53="Yes","✓ OK","⚠ Check")))) -> ✓ OK | AW53: =IF(AO53="","",IF(AR53="Yes","❌ Disc",IF(AQ53="No","⚠ Missing",IF(AT53="Yes","✓ OK","⚠ Check"))))
A54: 58 | B54: BD-LAM-2023-0017 | C54: Royal Touche - Crystal - 1104 - 1.25mm(Diamond) | D54: Royal Touche | E54: 46125 | F54: Sunil CR | G54: Yes | H54: No | I54: Good finish | J54: Yes | L54: No | M54: =IF(E54="","",IF(H54="Yes","❌ Disc",IF(G54="No","⚠ Missing",IF(J54="Yes","✓ OK","⚠ Check")))) -> ✓ OK | N54: 46193 | O54: Sunil CR | P54: Yes | Q54: No | R54: Good finish | S54: Yes | U54: No | V54: =IF(N54="","",IF(Q54="Yes","❌ Disc",IF(P54="No","⚠ Missing",IF(S54="Yes","✓ OK","⚠ Check")))) -> ✓ OK | W54: 46248 | X54: Sunil CR | Y54: Yes | Z54: No | AA54: Good finish | AB54: Yes | AD54: No | AE54: =IF(W54="","",IF(Z54="Yes","❌ Disc",IF(Y54="No","⚠ Missing",IF(AB54="Yes","✓ OK","⚠ Check")))) -> ✓ OK | AF54: 18-09-2026 | AG54: Sunil CR | AH54: Yes | AI54: No | AJ54: Good finish | AK54: Yes | AM54: No | AN54: =IF(AF54="","",IF(AI54="Yes","❌ Disc",IF(AH54="No","⚠ Missing",IF(AK54="Yes","✓ OK","⚠ Check")))) -> ✓ OK | AW54: =IF(AO54="","",IF(AR54="Yes","❌ Disc",IF(AQ54="No","⚠ Missing",IF(AT54="Yes","✓ OK","⚠ Check"))))
A55: 59 | B55: BD-LAM-2023-0016 | C55: Royal Touche - Crystal - 1105 - 1.25mm(Diamond) | D55: Royal Touche | E55: 46125 | F55: Sunil CR | G55: Yes | H55: No | I55: Good finish | J55: Yes | L55: No | M55: =IF(E55="","",IF(H55="Yes","❌ Disc",IF(G55="No","⚠ Missing",IF(J55="Yes","✓ OK","⚠ Check")))) -> ✓ OK | N55: 46193 | O55: Sunil CR | P55: Yes | Q55: No | R55: Good finish | S55: Yes | U55: No | V55: =IF(N55="","",IF(Q55="Yes","❌ Disc",IF(P55="No","⚠ Missing",IF(S55="Yes","✓ OK","⚠ Check")))) -> ✓ OK | W55: 46248 | X55: Sunil CR | Y55: Yes | Z55: No | AA55: Good finish | AB55: Yes | AD55: No | AE55: =IF(W55="","",IF(Z55="Yes","❌ Disc",IF(Y55="No","⚠ Missing",IF(AB55="Yes","✓ OK","⚠ Check")))) -> ✓ OK | AF55: 18-09-2026 | AG55: Sunil CR | AH55: Yes | AI55: No | AJ55: Good finish | AK55: Yes | AM55: No | AN55: =IF(AF55="","",IF(AI55="Yes","❌ Disc",IF(AH55="No","⚠ Missing",IF(AK55="Yes","✓ OK","⚠ Check")))) -> ✓ OK | AW55: =IF(AO55="","",IF(AR55="Yes","❌ Disc",IF(AQ55="No","⚠ Missing",IF(AT55="Yes","✓ OK","⚠ Check"))))
A56: 60 | B56: BD-LAM-2023-0023 | C56: Royal Touche - Crystal - 1244 - 1.25mm(Diamond) | D56: Royal Touche | E56: 46125 | F56: Sunil CR | G56: Yes | H56: No | I56: Good finish | J56: Yes | L56: No | M56: =IF(E56="","",IF(H56="Yes","❌ Disc",IF(G56="No","⚠ Missing",IF(J56="Yes","✓ OK","⚠ Check")))) -> ✓ OK | N56: 46193 | O56: Sunil CR | P56: Yes | Q56: No | R56: Good finish | S56: Yes | U56: No | V56: =IF(N56="","",IF(Q56="Yes","❌ Disc",IF(P56="No","⚠ Missing",IF(S56="Yes","✓ OK","⚠ Check")))) -> ✓ OK | W56: 46248 | X56: Sunil CR | Y56: Yes | Z56: No | AA56: Good finish | AB56: Yes | AD56: No | AE56: =IF(W56="","",IF(Z56="Yes","❌ Disc",IF(Y56="No","⚠ Missing",IF(AB56="Yes","✓ OK","⚠ Check")))) -> ✓ OK | AF56: 18-09-2026 | AG56: Sunil CR | AH56: Yes | AI56: No | AJ56: Good finish | AK56: Yes | AM56: No | AN56: =IF(AF56="","",IF(AI56="Yes","❌ Disc",IF(AH56="No","⚠ Missing",IF(AK56="Yes","✓ OK","⚠ Check")))) -> ✓ OK | AW56: =IF(AO56="","",IF(AR56="Yes","❌ Disc",IF(AQ56="No","⚠ Missing",IF(AT56="Yes","✓ OK","⚠ Check"))))
A57: 61 | B57: BD-LAM-2023-0022 | C57: Royal Touche - Crystal - Z+BG - 1214 - 1.25mm(Diamond) | D57: Royal Touche | E57: 46125 | F57: Sunil CR | G57: Yes | H57: No | I57: Good finish | J57: Yes | L57: No | M57: =IF(E57="","",IF(H57="Yes","❌ Disc",IF(G57="No","⚠ Missing",IF(J57="Yes","✓ OK","⚠ Check")))) -> ✓ OK | N57: 46193 | O57: Sunil CR | P57: Yes | Q57: No | R57: Good finish | S57: Yes | U57: No | V57: =IF(N57="","",IF(Q57="Yes","❌ Disc",IF(P57="No","⚠ Missing",IF(S57="Yes","✓ OK","⚠ Check")))) -> ✓ OK | W57: 46248 | X57: Sunil CR | Y57: Yes | Z57: No | AA57: Good finish | AB57: Yes | AD57: No | AE57: =IF(W57="","",IF(Z57="Yes","❌ Disc",IF(Y57="No","⚠ Missing",IF(AB57="Yes","✓ OK","⚠ Check")))) -> ✓ OK | AF57: 18-09-2026 | AG57: Sunil CR | AH57: Yes | AI57: No | AJ57: Good finish | AK57: Yes | AM57: No | AN57: =IF(AF57="","",IF(AI57="Yes","❌ Disc",IF(AH57="No","⚠ Missing",IF(AK57="Yes","✓ OK","⚠ Check")))) -> ✓ OK | AW57: =IF(AO57="","",IF(AR57="Yes","❌ Disc",IF(AQ57="No","⚠ Missing",IF(AT57="Yes","✓ OK","⚠ Check"))))
A58: 62 | B58: BD-LAM-2023-0025 | C58: Royal Touche - Crystal Matty+ - 1249 - 1.25mm(Diamond) | D58: Royal Touche | E58: 46125 | F58: Sunil CR | G58: Yes | H58: No | I58: Good finish | J58: Yes | L58: No | M58: =IF(E58="","",IF(H58="Yes","❌ Disc",IF(G58="No","⚠ Missing",IF(J58="Yes","✓ OK","⚠ Check")))) -> ✓ OK | N58: 46193 | O58: Sunil CR | P58: Yes | Q58: No | R58: Good finish | S58: Yes | U58: No | V58: =IF(N58="","",IF(Q58="Yes","❌ Disc",IF(P58="No","⚠ Missing",IF(S58="Yes","✓ OK","⚠ Check")))) -> ✓ OK | W58: 46248 | X58: Sunil CR | Y58: Yes | Z58: No | AA58: Good finish | AB58: Yes | AD58: No | AE58: =IF(W58="","",IF(Z58="Yes","❌ Disc",IF(Y58="No","⚠ Missing",IF(AB58="Yes","✓ OK","⚠ Check")))) -> ✓ OK | AF58: 18-09-2026 | AG58: Sunil CR | AH58: Yes | AI58: No | AJ58: Good finish | AK58: Yes | AM58: No | AN58: =IF(AF58="","",IF(AI58="Yes","❌ Disc",IF(AH58="No","⚠ Missing",IF(AK58="Yes","✓ OK","⚠ Check")))) -> ✓ OK | AW58: =IF(AO58="","",IF(AR58="Yes","❌ Disc",IF(AQ58="No","⚠ Missing",IF(AT58="Yes","✓ OK","⚠ Check"))))
A59: 63 | B59: BD-LAM-2023-0037 | C59: Royal Touche - DL - 1112 - 1.25mm(Diamond) | D59: Royal Touche | E59: 46125 | F59: Sunil CR | G59: Yes | H59: No | I59: Good finish | J59: Yes | L59: No | M59: =IF(E59="","",IF(H59="Yes","❌ Disc",IF(G59="No","⚠ Missing",IF(J59="Yes","✓ OK","⚠ Check")))) -> ✓ OK | N59: 46193 | O59: Sunil CR | P59: Yes | Q59: No | R59: Good finish | S59: Yes | U59: No | V59: =IF(N59="","",IF(Q59="Yes","❌ Disc",IF(P59="No","⚠ Missing",IF(S59="Yes","✓ OK","⚠ Check")))) -> ✓ OK | W59: 46248 | X59: Sunil CR | Y59: Yes | Z59: No | AA59: Good finish | AB59: Yes | AD59: No | AE59: =IF(W59="","",IF(Z59="Yes","❌ Disc",IF(Y59="No","⚠ Missing",IF(AB59="Yes","✓ OK","⚠ Check")))) -> ✓ OK | AF59: 18-09-2026 | AG59: Sunil CR | AH59: No | AI59: Yes | AJ59: Discontinued | AK59: No | AM59: No | AN59: =IF(AF59="","",IF(AI59="Yes","❌ Disc",IF(AH59="No","⚠ Missing",IF(AK59="Yes","✓ OK","⚠ Check")))) -> ❌ Disc | AW59: =IF(AO59="","",IF(AR59="Yes","❌ Disc",IF(AQ59="No","⚠ Missing",IF(AT59="Yes","✓ OK","⚠ Check"))))
A60: 64 | B60: BD-LAM-2023-0030 | C60: Royal Touche - OC - 1691 - 1.25mm(Diamond) | D60: Royal Touche | E60: 46125 | F60: Sunil CR | G60: Yes | H60: No | I60: Good finish | J60: Yes | L60: No | M60: =IF(E60="","",IF(H60="Yes","❌ Disc",IF(G60="No","⚠ Missing",IF(J60="Yes","✓ OK","⚠ Check")))) -> ✓ OK | N60: 46193 | O60: Sunil CR | P60: Yes | Q60: No | R60: Good finish | S60: Yes | U60: No | V60: =IF(N60="","",IF(Q60="Yes","❌ Disc",IF(P60="No","⚠ Missing",IF(S60="Yes","✓ OK","⚠ Check")))) -> ✓ OK | W60: 46248 | X60: Sunil CR | Y60: Yes | Z60: No | AA60: Good finish | AB60: Yes | AD60: No | AE60: =IF(W60="","",IF(Z60="Yes","❌ Disc",IF(Y60="No","⚠ Missing",IF(AB60="Yes","✓ OK","⚠ Check")))) -> ✓ OK | AF60: 18-09-2026 | AG60: Sunil CR | AH60: Yes | AI60: No | AJ60: Good finish | AK60: Yes | AM60: No | AN60: =IF(AF60="","",IF(AI60="Yes","❌ Disc",IF(AH60="No","⚠ Missing",IF(AK60="Yes","✓ OK","⚠ Check")))) -> ✓ OK | AW60: =IF(AO60="","",IF(AR60="Yes","❌ Disc",IF(AQ60="No","⚠ Missing",IF(AT60="Yes","✓ OK","⚠ Check"))))
A61: 65 | B61: BD-LAM-2023-0031 | C61: Royal Touche - OC - 1692 - 1.25mm(Diamond) | D61: Royal Touche | E61: 46125 | F61: Sunil CR | G61: Yes | H61: No | I61: Good finish | J61: Yes | L61: No | M61: =IF(E61="","",IF(H61="Yes","❌ Disc",IF(G61="No","⚠ Missing",IF(J61="Yes","✓ OK","⚠ Check")))) -> ✓ OK | N61: 46193 | O61: Sunil CR | P61: Yes | Q61: No | R61: Good finish | S61: Yes | U61: No | V61: =IF(N61="","",IF(Q61="Yes","❌ Disc",IF(P61="No","⚠ Missing",IF(S61="Yes","✓ OK","⚠ Check")))) -> ✓ OK | W61: 46248 | X61: Sunil CR | Y61: Yes | Z61: No | AA61: Good finish | AB61: Yes | AD61: No | AE61: =IF(W61="","",IF(Z61="Yes","❌ Disc",IF(Y61="No","⚠ Missing",IF(AB61="Yes","✓ OK","⚠ Check")))) -> ✓ OK | AF61: 18-09-2026 | AG61: Sunil CR | AH61: Yes | AI61: No | AJ61: Good finish | AK61: Yes | AM61: No | AN61: =IF(AF61="","",IF(AI61="Yes","❌ Disc",IF(AH61="No","⚠ Missing",IF(AK61="Yes","✓ OK","⚠ Check")))) -> ✓ OK | AW61: =IF(AO61="","",IF(AR61="Yes","❌ Disc",IF(AQ61="No","⚠ Missing",IF(AT61="Yes","✓ OK","⚠ Check"))))
A62: 66 | B62: BD-LAM-2023-0006 | C62: Royal Touche - PU - 1628 - 1.25mm(Diamond) | D62: Royal Touche | E62: 46125 | F62: Sunil CR | G62: Yes | H62: No | I62: Good finish | J62: Yes | L62: No | M62: =IF(E62="","",IF(H62="Yes","❌ Disc",IF(G62="No","⚠ Missing",IF(J62="Yes","✓ OK","⚠ Check")))) -> ✓ OK | N62: 46193 | O62: Sunil CR | P62: Yes | Q62: No | R62: Good finish | S62: Yes | U62: No | V62: =IF(N62="","",IF(Q62="Yes","❌ Disc",IF(P62="No","⚠ Missing",IF(S62="Yes","✓ OK","⚠ Check")))) -> ✓ OK | W62: 46248 | X62: Sunil CR | Y62: Yes | Z62: No | AA62: Good finish | AB62: Yes | AD62: No | AE62: =IF(W62="","",IF(Z62="Yes","❌ Disc",IF(Y62="No","⚠ Missing",IF(AB62="Yes","✓ OK","⚠ Check")))) -> ✓ OK | AF62: 18-09-2026 | AG62: Sunil CR | AH62: Yes | AI62: No | AJ62: Good finish | AK62: Yes | AM62: No | AN62: =IF(AF62="","",IF(AI62="Yes","❌ Disc",IF(AH62="No","⚠ Missing",IF(AK62="Yes","✓ OK","⚠ Check")))) -> ✓ OK | AW62: =IF(AO62="","",IF(AR62="Yes","❌ Disc",IF(AQ62="No","⚠ Missing",IF(AT62="Yes","✓ OK","⚠ Check"))))
A63: 67 | B63: BD-LAM-2023-0007 | C63: Royal Touche - PU - 1721 - 1.25mm(Diamond) | D63: Royal Touche | E63: 46125 | F63: Sunil CR | G63: Yes | H63: No | I63: Good finish | J63: Yes | L63: No | M63: =IF(E63="","",IF(H63="Yes","❌ Disc",IF(G63="No","⚠ Missing",IF(J63="Yes","✓ OK","⚠ Check")))) -> ✓ OK | N63: 46193 | O63: Sunil CR | P63: Yes | Q63: No | R63: Good finish | S63: Yes | U63: No | V63: =IF(N63="","",IF(Q63="Yes","❌ Disc",IF(P63="No","⚠ Missing",IF(S63="Yes","✓ OK","⚠ Check")))) -> ✓ OK | W63: 46248 | X63: Sunil CR | Y63: Yes | Z63: No | AA63: Good finish | AB63: Yes | AD63: No | AE63: =IF(W63="","",IF(Z63="Yes","❌ Disc",IF(Y63="No","⚠ Missing",IF(AB63="Yes","✓ OK","⚠ Check")))) -> ✓ OK | AF63: 18-09-2026 | AG63: Sunil CR | AH63: Yes | AI63: No | AJ63: Good finish | AK63: Yes | AM63: No | AN63: =IF(AF63="","",IF(AI63="Yes","❌ Disc",IF(AH63="No","⚠ Missing",IF(AK63="Yes","✓ OK","⚠ Check")))) -> ✓ OK | AW63: =IF(AO63="","",IF(AR63="Yes","❌ Disc",IF(AQ63="No","⚠ Missing",IF(AT63="Yes","✓ OK","⚠ Check"))))
A64: 68 | B64: BD-LAM-2024-0001 | C64: Royal Touche - RT Crystal Z+ PP 1129 1.25mm(Diamond) | D64: Royal Touche | E64: 46125 | F64: Sunil CR | G64: Yes | H64: No | I64: Minor defect | J64: No | K64: Categorization sticker is missing | L64: Yes | M64: =IF(E64="","",IF(H64="Yes","❌ Disc",IF(G64="No","⚠ Missing",IF(J64="Yes","✓ OK","⚠ Check")))) -> ⚠ Check | N64: 46193 | O64: Sunil CR | P64: Yes | Q64: No | R64: Minor defect | S64: No | T64: Categorization sticker is missing | U64: Yes | V64: =IF(N64="","",IF(Q64="Yes","❌ Disc",IF(P64="No","⚠ Missing",IF(S64="Yes","✓ OK","⚠ Check")))) -> ⚠ Check | W64: 46248 | X64: Sunil CR | Y64: Yes | Z64: No | AA64: Minor defect | AB64: No | AC64: Categorization sticker is missing | AD64: Yes | AE64: =IF(W64="","",IF(Z64="Yes","❌ Disc",IF(Y64="No","⚠ Missing",IF(AB64="Yes","✓ OK","⚠ Check")))) -> ⚠ Check | AF64: 18-09-2026 | AG64: Sunil CR | AH64: Yes | AI64: No | AJ64: Good finish | AK64: Yes | AM64: No | AN64: =IF(AF64="","",IF(AI64="Yes","❌ Disc",IF(AH64="No","⚠ Missing",IF(AK64="Yes","✓ OK","⚠ Check")))) -> ✓ OK | AW64: =IF(AO64="","",IF(AR64="Yes","❌ Disc",IF(AQ64="No","⚠ Missing",IF(AT64="Yes","✓ OK","⚠ Check"))))
A65: 69 | B65: BD-LAM-2024-0097 | C65: LAM SL AC 1mm 2383 Ktami Oreo Elm(Gold) | D65: Stylam | E65: 46125 | F65: Sunil CR | G65: Yes | H65: No | I65: Good finish | J65: Yes | L65: No | M65: =IF(E65="","",IF(H65="Yes","❌ Disc",IF(G65="No","⚠ Missing",IF(J65="Yes","✓ OK","⚠ Check")))) -> ✓ OK | N65: 46193 | O65: Sunil CR | P65: Yes | Q65: No | R65: Good finish | S65: Yes | U65: No | V65: =IF(N65="","",IF(Q65="Yes","❌ Disc",IF(P65="No","⚠ Missing",IF(S65="Yes","✓ OK","⚠ Check")))) -> ✓ OK | W65: 46248 | X65: Sunil CR | Y65: No | Z65: Yes | AA65: Discontinued | AB65: No | AD65: No | AE65: =IF(W65="","",IF(Z65="Yes","❌ Disc",IF(Y65="No","⚠ Missing",IF(AB65="Yes","✓ OK","⚠ Check")))) -> ❌ Disc | AF65: 18-09-2026 | AG65: Sunil CR | AH65: No | AI65: Yes | AJ65: Discontinued | AK65: No | AM65: No | AN65: =IF(AF65="","",IF(AI65="Yes","❌ Disc",IF(AH65="No","⚠ Missing",IF(AK65="Yes","✓ OK","⚠ Check")))) -> ❌ Disc | AW65: =IF(AO65="","",IF(AR65="Yes","❌ Disc",IF(AQ65="No","⚠ Missing",IF(AT65="Yes","✓ OK","⚠ Check"))))
A66: 70 | B66: BD-LAM-2024-0079 | C66: Lam SL AC 1mm 2905 Amalfi Tan Oak(Gold) | D66: Stylam | E66: 46125 | F66: Sunil CR | G66: Yes | H66: No | I66: Good finish | J66: Yes | L66: No | M66: =IF(E66="","",IF(H66="Yes","❌ Disc",IF(G66="No","⚠ Missing",IF(J66="Yes","✓ OK","⚠ Check")))) -> ✓ OK | N66: 46193 | O66: Sunil CR | P66: Yes | Q66: No | R66: Good finish | S66: Yes | U66: No | V66: =IF(N66="","",IF(Q66="Yes","❌ Disc",IF(P66="No","⚠ Missing",IF(S66="Yes","✓ OK","⚠ Check")))) -> ✓ OK | W66: 46248 | X66: Sunil CR | Y66: Yes | Z66: No | AA66: Good finish | AB66: Yes | AD66: No | AE66: =IF(W66="","",IF(Z66="Yes","❌ Disc",IF(Y66="No","⚠ Missing",IF(AB66="Yes","✓ OK","⚠ Check")))) -> ✓ OK | AF66: 18-09-2026 | AG66: Sunil CR | AH66: No | AI66: Yes | AJ66: Discontinued | AK66: No | AM66: No | AN66: =IF(AF66="","",IF(AI66="Yes","❌ Disc",IF(AH66="No","⚠ Missing",IF(AK66="Yes","✓ OK","⚠ Check")))) -> ❌ Disc | AW66: =IF(AO66="","",IF(AR66="Yes","❌ Disc",IF(AQ66="No","⚠ Missing",IF(AT66="Yes","✓ OK","⚠ Check"))))
A67: 71 | B67: BD-LAM-2023-0144 | C67: Lam SL AFP 1mm 1005 Creamy White(Diamond) | D67: Stylam | E67: 46125 | F67: Sunil CR | G67: Yes | H67: No | I67: Good finish | J67: Yes | L67: No | M67: =IF(E67="","",IF(H67="Yes","❌ Disc",IF(G67="No","⚠ Missing",IF(J67="Yes","✓ OK","⚠ Check")))) -> ✓ OK | N67: 46193 | O67: Sunil CR | P67: Yes | Q67: No | R67: Good finish | S67: Yes | U67: No | V67: =IF(N67="","",IF(Q67="Yes","❌ Disc",IF(P67="No","⚠ Missing",IF(S67="Yes","✓ OK","⚠ Check")))) -> ✓ OK | W67: 46248 | X67: Sunil CR | Y67: Yes | Z67: No | AA67: Good finish | AB67: Yes | AD67: No | AE67: =IF(W67="","",IF(Z67="Yes","❌ Disc",IF(Y67="No","⚠ Missing",IF(AB67="Yes","✓ OK","⚠ Check")))) -> ✓ OK | AF67: 18-09-2026 | AG67: Sunil CR | AH67: No | AI67: Yes | AJ67: Discontinued | AK67: No | AM67: No | AN67: =IF(AF67="","",IF(AI67="Yes","❌ Disc",IF(AH67="No","⚠ Missing",IF(AK67="Yes","✓ OK","⚠ Check")))) -> ❌ Disc | AW67: =IF(AO67="","",IF(AR67="Yes","❌ Disc",IF(AQ67="No","⚠ Missing",IF(AT67="Yes","✓ OK","⚠ Check"))))
A68: 72 | B68: BD-LAM-2024-0054 | C68: Lam SL AFP 1mm 1014 City Shadow(Diamond) | D68: Stylam | E68: 46125 | F68: Sunil CR | G68: Yes | H68: No | I68: Good finish | J68: Yes | L68: No | M68: =IF(E68="","",IF(H68="Yes","❌ Disc",IF(G68="No","⚠ Missing",IF(J68="Yes","✓ OK","⚠ Check")))) -> ✓ OK | N68: 46193 | O68: Sunil CR | P68: Yes | Q68: No | R68: Good finish | S68: Yes | U68: No | V68: =IF(N68="","",IF(Q68="Yes","❌ Disc",IF(P68="No","⚠ Missing",IF(S68="Yes","✓ OK","⚠ Check")))) -> ✓ OK | W68: 46248 | X68: Sunil CR | Y68: Yes | Z68: No | AA68: Good finish | AB68: Yes | AD68: No | AE68: =IF(W68="","",IF(Z68="Yes","❌ Disc",IF(Y68="No","⚠ Missing",IF(AB68="Yes","✓ OK","⚠ Check")))) -> ✓ OK | AF68: 18-09-2026 | AG68: Sunil CR | AH68: Yes | AI68: No | AJ68: Good finish | AK68: Yes | AM68: No | AN68: =IF(AF68="","",IF(AI68="Yes","❌ Disc",IF(AH68="No","⚠ Missing",IF(AK68="Yes","✓ OK","⚠ Check")))) -> ✓ OK | AW68: =IF(AO68="","",IF(AR68="Yes","❌ Disc",IF(AQ68="No","⚠ Missing",IF(AT68="Yes","✓ OK","⚠ Check"))))
A69: 73 | B69: BD-LAM-2023-0188 | C69: Lam SL AFP 1mm 1017 Jaisalmer Brown(Diamond) | D69: Stylam | E69: 46125 | F69: Sunil CR | G69: Yes | H69: No | I69: Good finish | J69: Yes | L69: No | M69: =IF(E69="","",IF(H69="Yes","❌ Disc",IF(G69="No","⚠ Missing",IF(J69="Yes","✓ OK","⚠ Check")))) -> ✓ OK | N69: 46193 | O69: Sunil CR | P69: Yes | Q69: No | R69: Good finish | S69: Yes | U69: No | V69: =IF(N69="","",IF(Q69="Yes","❌ Disc",IF(P69="No","⚠ Missing",IF(S69="Yes","✓ OK","⚠ Check")))) -> ✓ OK | W69: 46248 | X69: Sunil CR | Y69: Yes | Z69: No | AA69: Good finish | AB69: Yes | AD69: No | AE69: =IF(W69="","",IF(Z69="Yes","❌ Disc",IF(Y69="No","⚠ Missing",IF(AB69="Yes","✓ OK","⚠ Check")))) -> ✓ OK | AF69: 18-09-2026 | AG69: Sunil CR | AH69: Yes | AI69: No | AJ69: Good finish | AK69: Yes | AM69: No | AN69: =IF(AF69="","",IF(AI69="Yes","❌ Disc",IF(AH69="No","⚠ Missing",IF(AK69="Yes","✓ OK","⚠ Check")))) -> ✓ OK | AW69: =IF(AO69="","",IF(AR69="Yes","❌ Disc",IF(AQ69="No","⚠ Missing",IF(AT69="Yes","✓ OK","⚠ Check"))))
A70: 74 | B70: BD-LAM-2023-0226 | C70: Lam SL AFP 1mm 1020 Off White(Diamond) | D70: Stylam | E70: 46125 | F70: Sunil CR | G70: Yes | H70: No | I70: Minor defect | J70: No | K70: Name Sticker to be Changed | L70: Yes | M70: =IF(E70="","",IF(H70="Yes","❌ Disc",IF(G70="No","⚠ Missing",IF(J70="Yes","✓ OK","⚠ Check")))) -> ⚠ Check | N70: 46193 | O70: Sunil CR | P70: Yes | Q70: No | R70: Minor defect | S70: No | T70: Name Sticker to be Changed | U70: Yes | V70: =IF(N70="","",IF(Q70="Yes","❌ Disc",IF(P70="No","⚠ Missing",IF(S70="Yes","✓ OK","⚠ Check")))) -> ⚠ Check | W70: 46248 | X70: Sunil CR | Y70: Yes | Z70: No | AA70: Good finish | AB70: Yes | AD70: Yes | AE70: =IF(W70="","",IF(Z70="Yes","❌ Disc",IF(Y70="No","⚠ Missing",IF(AB70="Yes","✓ OK","⚠ Check")))) -> ✓ OK | AF70: 18-09-2026 | AG70: Sunil CR | AH70: Yes | AI70: Yes | AJ70: Good finish | AK70: Yes | AM70: No | AN70: =IF(AF70="","",IF(AI70="Yes","❌ Disc",IF(AH70="No","⚠ Missing",IF(AK70="Yes","✓ OK","⚠ Check")))) -> ❌ Disc | AW70: =IF(AO70="","",IF(AR70="Yes","❌ Disc",IF(AQ70="No","⚠ Missing",IF(AT70="Yes","✓ OK","⚠ Check"))))
A71: 75 | B71: BD-LAM-2023-0275 | C71: Lam SL AFP 1mm 1037 Soldier Green (Diamond) | D71: Stylam | E71: 46125 | F71: Sunil CR | G71: Yes | H71: No | I71: Good finish | J71: Yes | L71: No | M71: =IF(E71="","",IF(H71="Yes","❌ Disc",IF(G71="No","⚠ Missing",IF(J71="Yes","✓ OK","⚠ Check")))) -> ✓ OK | N71: 46193 | O71: Sunil CR | P71: Yes | Q71: No | R71: Good finish | S71: Yes | U71: No | V71: =IF(N71="","",IF(Q71="Yes","❌ Disc",IF(P71="No","⚠ Missing",IF(S71="Yes","✓ OK","⚠ Check")))) -> ✓ OK | W71: 46248 | X71: Sunil CR | Y71: Yes | Z71: No | AA71: Good finish | AB71: Yes | AD71: No | AE71: =IF(W71="","",IF(Z71="Yes","❌ Disc",IF(Y71="No","⚠ Missing",IF(AB71="Yes","✓ OK","⚠ Check")))) -> ✓ OK | AF71: 18-09-2026 | AG71: Sunil CR | AH71: Yes | AI71: No | AJ71: Good finish | AK71: Yes | AM71: No | AN71: =IF(AF71="","",IF(AI71="Yes","❌ Disc",IF(AH71="No","⚠ Missing",IF(AK71="Yes","✓ OK","⚠ Check")))) -> ✓ OK | AW71: =IF(AO71="","",IF(AR71="Yes","❌ Disc",IF(AQ71="No","⚠ Missing",IF(AT71="Yes","✓ OK","⚠ Check"))))
A72: 76 | B72: BD-LAM-2024-0055 | C72: Lam SL AFP 1mm 1051 Aster Grey(Diamond) | D72: Stylam | E72: 46125 | F72: Sunil CR | G72: Yes | H72: No | I72: Good finish | J72: Yes | L72: No | M72: =IF(E72="","",IF(H72="Yes","❌ Disc",IF(G72="No","⚠ Missing",IF(J72="Yes","✓ OK","⚠ Check")))) -> ✓ OK | N72: 46193 | O72: Sunil CR | P72: Yes | Q72: No | R72: Good finish | S72: Yes | U72: No | V72: =IF(N72="","",IF(Q72="Yes","❌ Disc",IF(P72="No","⚠ Missing",IF(S72="Yes","✓ OK","⚠ Check")))) -> ✓ OK | W72: 46248 | X72: Sunil CR | Y72: Yes | Z72: No | AA72: Good finish | AB72: Yes | AD72: No | AE72: =IF(W72="","",IF(Z72="Yes","❌ Disc",IF(Y72="No","⚠ Missing",IF(AB72="Yes","✓ OK","⚠ Check")))) -> ✓ OK | AF72: 18-09-2026 | AG72: Sunil CR | AH72: Yes | AI72: No | AJ72: Good finish | AK72: Yes | AM72: No | AN72: =IF(AF72="","",IF(AI72="Yes","❌ Disc",IF(AH72="No","⚠ Missing",IF(AK72="Yes","✓ OK","⚠ Check")))) -> ✓ OK | AW72: =IF(AO72="","",IF(AR72="Yes","❌ Disc",IF(AQ72="No","⚠ Missing",IF(AT72="Yes","✓ OK","⚠ Check"))))
A73: 77 | B73: BD-LAM-2023-0195 | C73: Lam SL AFP 1mm 1086 Lam Peach(Diamond) | D73: Stylam | E73: 46125 | F73: Sunil CR | G73: Yes | H73: No | I73: Good finish | J73: Yes | L73: Yes | M73: =IF(E73="","",IF(H73="Yes","❌ Disc",IF(G73="No","⚠ Missing",IF(J73="Yes","✓ OK","⚠ Check")))) -> ✓ OK | N73: 46193 | O73: Sunil CR | P73: Yes | Q73: No | R73: Good finish | S73: Yes | U73: Yes | V73: =IF(N73="","",IF(Q73="Yes","❌ Disc",IF(P73="No","⚠ Missing",IF(S73="Yes","✓ OK","⚠ Check")))) -> ✓ OK | W73: 46248 | X73: Sunil CR | Y73: Yes | Z73: No | AA73: Good finish | AB73: Yes | AD73: Yes | AE73: =IF(W73="","",IF(Z73="Yes","❌ Disc",IF(Y73="No","⚠ Missing",IF(AB73="Yes","✓ OK","⚠ Check")))) -> ✓ OK | AF73: 18-09-2026 | AG73: Sunil CR | AH73: Yes | AI73: No | AJ73: Good finish | AK73: Yes | AM73: Yes | AN73: =IF(AF73="","",IF(AI73="Yes","❌ Disc",IF(AH73="No","⚠ Missing",IF(AK73="Yes","✓ OK","⚠ Check")))) -> ✓ OK | AW73: =IF(AO73="","",IF(AR73="Yes","❌ Disc",IF(AQ73="No","⚠ Missing",IF(AT73="Yes","✓ OK","⚠ Check"))))
A74: 78 | B74: BD-LAM-2023-0208 | C74: Lam SL AFP 1mm 1098 Mory Yellow(Diamond) | D74: Stylam | E74: 46125 | F74: Sunil CR | G74: Yes | H74: No | I74: Good finish | J74: Yes | L74: No | M74: =IF(E74="","",IF(H74="Yes","❌ Disc",IF(G74="No","⚠ Missing",IF(J74="Yes","✓ OK","⚠ Check")))) -> ✓ OK | N74: 46193 | O74: Sunil CR | P74: Yes | Q74: No | R74: Good finish | S74: Yes | U74: No | V74: =IF(N74="","",IF(Q74="Yes","❌ Disc",IF(P74="No","⚠ Missing",IF(S74="Yes","✓ OK","⚠ Check")))) -> ✓ OK | W74: 46248 | X74: Sunil CR | Y74: Yes | Z74: No | AA74: Good finish | AB74: Yes | AD74: No | AE74: =IF(W74="","",IF(Z74="Yes","❌ Disc",IF(Y74="No","⚠ Missing",IF(AB74="Yes","✓ OK","⚠ Check")))) -> ✓ OK | AF74: 18-09-2026 | AG74: Sunil CR | AH74: Yes | AI74: No | AJ74: Good finish | AK74: Yes | AM74: No | AN74: =IF(AF74="","",IF(AI74="Yes","❌ Disc",IF(AH74="No","⚠ Missing",IF(AK74="Yes","✓ OK","⚠ Check")))) -> ✓ OK | AW74: =IF(AO74="","",IF(AR74="Yes","❌ Disc",IF(AQ74="No","⚠ Missing",IF(AT74="Yes","✓ OK","⚠ Check"))))
A75: 79 | B75: BD-LAM-2023-0104 | C75: Lam SL AFP 1mm 142 Black Magic(Diamond) | D75: Stylam | E75: 46125 | F75: Sunil CR | G75: Yes | H75: No | I75: Good finish | J75: Yes | L75: No | M75: =IF(E75="","",IF(H75="Yes","❌ Disc",IF(G75="No","⚠ Missing",IF(J75="Yes","✓ OK","⚠ Check")))) -> ✓ OK | N75: 46193 | O75: Sunil CR | P75: Yes | Q75: No | R75: Good finish | S75: Yes | U75: No | V75: =IF(N75="","",IF(Q75="Yes","❌ Disc",IF(P75="No","⚠ Missing",IF(S75="Yes","✓ OK","⚠ Check")))) -> ✓ OK | W75: 46248 | X75: Sunil CR | Y75: Yes | Z75: No | AA75: Good finish | AB75: Yes | AD75: No | AE75: =IF(W75="","",IF(Z75="Yes","❌ Disc",IF(Y75="No","⚠ Missing",IF(AB75="Yes","✓ OK","⚠ Check")))) -> ✓ OK | AF75: 18-09-2026 | AG75: Sunil CR | AH75: Yes | AI75: No | AJ75: Good finish | AK75: Yes | AM75: No | AN75: =IF(AF75="","",IF(AI75="Yes","❌ Disc",IF(AH75="No","⚠ Missing",IF(AK75="Yes","✓ OK","⚠ Check")))) -> ✓ OK | AW75: =IF(AO75="","",IF(AR75="Yes","❌ Disc",IF(AQ75="No","⚠ Missing",IF(AT75="Yes","✓ OK","⚠ Check"))))
A76: 80 | B76: BD-LAM-2023-0211 | C76: Lam SL AFP 1mm 1445 Natsu(Diamond) | D76: Stylam | E76: 46125 | F76: Sunil CR | G76: Yes | H76: No | I76: Good finish | J76: Yes | L76: No | M76: =IF(E76="","",IF(H76="Yes","❌ Disc",IF(G76="No","⚠ Missing",IF(J76="Yes","✓ OK","⚠ Check")))) -> ✓ OK | N76: 46193 | O76: Sunil CR | P76: Yes | Q76: No | R76: Good finish | S76: Yes | U76: No | V76: =IF(N76="","",IF(Q76="Yes","❌ Disc",IF(P76="No","⚠ Missing",IF(S76="Yes","✓ OK","⚠ Check")))) -> ✓ OK | W76: 46248 | X76: Sunil CR | Y76: Yes | Z76: No | AA76: Good finish | AB76: Yes | AD76: No | AE76: =IF(W76="","",IF(Z76="Yes","❌ Disc",IF(Y76="No","⚠ Missing",IF(AB76="Yes","✓ OK","⚠ Check")))) -> ✓ OK | AF76: 18-09-2026 | AG76: Sunil CR | AH76: Yes | AI76: No | AJ76: Good finish | AK76: Yes | AM76: No | AN76: =IF(AF76="","",IF(AI76="Yes","❌ Disc",IF(AH76="No","⚠ Missing",IF(AK76="Yes","✓ OK","⚠ Check")))) -> ✓ OK | AW76: =IF(AO76="","",IF(AR76="Yes","❌ Disc",IF(AQ76="No","⚠ Missing",IF(AT76="Yes","✓ OK","⚠ Check"))))
A77: 81 | B77: BD-LAM-2024-0053 | C77: Lam SL AFP 1mm 155 Dark Blue(Diamond) | D77: Stylam | E77: 46125 | F77: Sunil CR | G77: Yes | H77: No | I77: Good finish | J77: Yes | L77: No | M77: =IF(E77="","",IF(H77="Yes","❌ Disc",IF(G77="No","⚠ Missing",IF(J77="Yes","✓ OK","⚠ Check")))) -> ✓ OK | N77: 46193 | O77: Sunil CR | P77: Yes | Q77: No | R77: Good finish | S77: Yes | U77: No | V77: =IF(N77="","",IF(Q77="Yes","❌ Disc",IF(P77="No","⚠ Missing",IF(S77="Yes","✓ OK","⚠ Check")))) -> ✓ OK | W77: 46248 | X77: Sunil CR | Y77: Yes | Z77: No | AA77: Good finish | AB77: Yes | AD77: No | AE77: =IF(W77="","",IF(Z77="Yes","❌ Disc",IF(Y77="No","⚠ Missing",IF(AB77="Yes","✓ OK","⚠ Check")))) -> ✓ OK | AF77: 18-09-2026 | AG77: Sunil CR | AH77: Yes | AI77: No | AJ77: Good finish | AK77: Yes | AM77: No | AN77: =IF(AF77="","",IF(AI77="Yes","❌ Disc",IF(AH77="No","⚠ Missing",IF(AK77="Yes","✓ OK","⚠ Check")))) -> ✓ OK | AW77: =IF(AO77="","",IF(AR77="Yes","❌ Disc",IF(AQ77="No","⚠ Missing",IF(AT77="Yes","✓ OK","⚠ Check"))))
A78: 82 | B78: BD-LAM-2023-0287 | C78: Lam SL AFP 1mm 1588 Tussock Beige(Diamond) | D78: Stylam | E78: 46125 | F78: Sunil CR | G78: Yes | H78: No | I78: Good finish | J78: Yes | L78: No | M78: =IF(E78="","",IF(H78="Yes","❌ Disc",IF(G78="No","⚠ Missing",IF(J78="Yes","✓ OK","⚠ Check")))) -> ✓ OK | N78: 46193 | O78: Sunil CR | P78: Yes | Q78: No | R78: Good finish | S78: Yes | U78: No | V78: =IF(N78="","",IF(Q78="Yes","❌ Disc",IF(P78="No","⚠ Missing",IF(S78="Yes","✓ OK","⚠ Check")))) -> ✓ OK | W78: 46248 | X78: Sunil CR | Y78: Yes | Z78: No | AA78: Good finish | AB78: Yes | AD78: No | AE78: =IF(W78="","",IF(Z78="Yes","❌ Disc",IF(Y78="No","⚠ Missing",IF(AB78="Yes","✓ OK","⚠ Check")))) -> ✓ OK | AF78: 18-09-2026 | AG78: Sunil CR | AH78: No | AI78: Yes | AJ78: Discontinued | AK78: No | AM78: No | AN78: =IF(AF78="","",IF(AI78="Yes","❌ Disc",IF(AH78="No","⚠ Missing",IF(AK78="Yes","✓ OK","⚠ Check")))) -> ❌ Disc | AW78: =IF(AO78="","",IF(AR78="Yes","❌ Disc",IF(AQ78="No","⚠ Missing",IF(AT78="Yes","✓ OK","⚠ Check"))))
A79: 83 | B79: BD-LAM-2023-0117 | C79: Lam SL AFP 1mm 1591 Bronce Metallic(Diamond) | D79: Stylam | E79: 46125 | F79: Sunil CR | G79: Yes | H79: No | I79: Good finish | J79: Yes | L79: No | M79: =IF(E79="","",IF(H79="Yes","❌ Disc",IF(G79="No","⚠ Missing",IF(J79="Yes","✓ OK","⚠ Check")))) -> ✓ OK | N79: 46193 | O79: Sunil CR | P79: Yes | Q79: No | R79: Good finish | S79: Yes | U79: No | V79: =IF(N79="","",IF(Q79="Yes","❌ Disc",IF(P79="No","⚠ Missing",IF(S79="Yes","✓ OK","⚠ Check")))) -> ✓ OK | W79: 46248 | X79: Sunil CR | Y79: Yes | Z79: No | AA79: Good finish | AB79: Yes | AD79: No | AE79: =IF(W79="","",IF(Z79="Yes","❌ Disc",IF(Y79="No","⚠ Missing",IF(AB79="Yes","✓ OK","⚠ Check")))) -> ✓ OK | AF79: 18-09-2026 | AG79: Sunil CR | AH79: No | AI79: Yes | AJ79: Discontinued | AK79: No | AM79: No | AN79: =IF(AF79="","",IF(AI79="Yes","❌ Disc",IF(AH79="No","⚠ Missing",IF(AK79="Yes","✓ OK","⚠ Check")))) -> ❌ Disc | AW79: =IF(AO79="","",IF(AR79="Yes","❌ Disc",IF(AQ79="No","⚠ Missing",IF(AT79="Yes","✓ OK","⚠ Check"))))
A80: 84 | B80: BD-LAM-2023-0096 | C80: Lam SL AFP 1mm 1709 Avio Blue(Diamond) | D80: Stylam | E80: 46125 | F80: Sunil CR | G80: Yes | H80: No | I80: Good finish | J80: Yes | L80: No | M80: =IF(E80="","",IF(H80="Yes","❌ Disc",IF(G80="No","⚠ Missing",IF(J80="Yes","✓ OK","⚠ Check")))) -> ✓ OK | N80: 46193 | O80: Sunil CR | P80: Yes | Q80: No | R80: Good finish | S80: Yes | U80: No | V80: =IF(N80="","",IF(Q80="Yes","❌ Disc",IF(P80="No","⚠ Missing",IF(S80="Yes","✓ OK","⚠ Check")))) -> ✓ OK | W80: 46248 | X80: Sunil CR | Y80: Yes | Z80: No | AA80: Good finish | AB80: Yes | AD80: No | AE80: =IF(W80="","",IF(Z80="Yes","❌ Disc",IF(Y80="No","⚠ Missing",IF(AB80="Yes","✓ OK","⚠ Check")))) -> ✓ OK | AF80: 18-09-2026 | AG80: Sunil CR | AH80: No | AI80: Yes | AJ80: Discontinued | AK80: No | AM80: No | AN80: =IF(AF80="","",IF(AI80="Yes","❌ Disc",IF(AH80="No","⚠ Missing",IF(AK80="Yes","✓ OK","⚠ Check")))) -> ❌ Disc | AW80: =IF(AO80="","",IF(AR80="Yes","❌ Disc",IF(AQ80="No","⚠ Missing",IF(AT80="Yes","✓ OK","⚠ Check"))))
A81: 85 | B81: BD-LAM-2024-0056 | C81: Lam SL AFP 1mm 1715 Beige Arizona(Diamond) | D81: Stylam | E81: 46125 | F81: Sunil CR | G81: Yes | H81: No | I81: Good finish | J81: Yes | L81: No | M81: =IF(E81="","",IF(H81="Yes","❌ Disc",IF(G81="No","⚠ Missing",IF(J81="Yes","✓ OK","⚠ Check")))) -> ✓ OK | N81: 46193 | O81: Sunil CR | P81: Yes | Q81: No | R81: Good finish | S81: Yes | U81: No | V81: =IF(N81="","",IF(Q81="Yes","❌ Disc",IF(P81="No","⚠ Missing",IF(S81="Yes","✓ OK","⚠ Check")))) -> ✓ OK | W81: 46248 | X81: Sunil CR | Y81: Yes | Z81: No | AA81: Good finish | AB81: Yes | AD81: No | AE81: =IF(W81="","",IF(Z81="Yes","❌ Disc",IF(Y81="No","⚠ Missing",IF(AB81="Yes","✓ OK","⚠ Check")))) -> ✓ OK | AF81: 18-09-2026 | AG81: Sunil CR | AH81: Yes | AI81: No | AJ81: Good finish | AK81: Yes | AM81: No | AN81: =IF(AF81="","",IF(AI81="Yes","❌ Disc",IF(AH81="No","⚠ Missing",IF(AK81="Yes","✓ OK","⚠ Check")))) -> ✓ OK | AW81: =IF(AO81="","",IF(AR81="Yes","❌ Disc",IF(AQ81="No","⚠ Missing",IF(AT81="Yes","✓ OK","⚠ Check"))))
A82: 86 | B82: BD-LAM-2023-0247 | C82: Lam SL AFP 1mm 1722 Premium Green(Diamond) | D82: Stylam | E82: 46125 | F82: Sunil CR | G82: Yes | H82: No | I82: Good finish | J82: Yes | L82: No | M82: =IF(E82="","",IF(H82="Yes","❌ Disc",IF(G82="No","⚠ Missing",IF(J82="Yes","✓ OK","⚠ Check")))) -> ✓ OK | N82: 46193 | O82: Sunil CR | P82: Yes | Q82: No | R82: Good finish | S82: Yes | U82: No | V82: =IF(N82="","",IF(Q82="Yes","❌ Disc",IF(P82="No","⚠ Missing",IF(S82="Yes","✓ OK","⚠ Check")))) -> ✓ OK | W82: 46248 | X82: Sunil CR | Y82: Yes | Z82: No | AA82: Good finish | AB82: Yes | AD82: No | AE82: =IF(W82="","",IF(Z82="Yes","❌ Disc",IF(Y82="No","⚠ Missing",IF(AB82="Yes","✓ OK","⚠ Check")))) -> ✓ OK | AF82: 18-09-2026 | AG82: Sunil CR | AH82: Yes | AI82: No | AJ82: Good finish | AK82: Yes | AM82: No | AN82: =IF(AF82="","",IF(AI82="Yes","❌ Disc",IF(AH82="No","⚠ Missing",IF(AK82="Yes","✓ OK","⚠ Check")))) -> ✓ OK | AW82: =IF(AO82="","",IF(AR82="Yes","❌ Disc",IF(AQ82="No","⚠ Missing",IF(AT82="Yes","✓ OK","⚠ Check"))))
... A89: 93 | B89: BD-LAM-2023-0280 | C89: Lam SL AU 1mm 2191 Tiger Skin(Gold) | D89: Stylam | E89: 46125 | F89: Sunil CR | G89: Yes | H89: No | I89: Good finish | J89: Yes | L89: No | M89: =IF(E89="","",IF(H89="Yes","❌ Disc",IF(G89="No","⚠ Missing",IF(J89="Yes","✓ OK","⚠ Check")))) -> ✓ OK | N89: 46193 | O89: Sunil CR | P89: No | Q89: Yes | R89: Discontinued | S89: No | U89: No | V89: =IF(N89="","",IF(Q89="Yes","❌ Disc",IF(P89="No","⚠ Missing",IF(S89="Yes","✓ OK","⚠ Check")))) -> ❌ Disc | W89: 46248 | X89: Sunil CR | Y89: No | Z89: Yes | AA89: Discontinued | AB89: No | AD89: No | AE89: =IF(W89="","",IF(Z89="Yes","❌ Disc",IF(Y89="No","⚠ Missing",IF(AB89="Yes","✓ OK","⚠ Check")))) -> ❌ Disc | AF89: 18-09-2026 | AG89: Sunil CR | AH89: No | AI89: Yes | AJ89: Discontinued | AK89: No | AM89: No | AN89: =IF(AF89="","",IF(AI89="Yes","❌ Disc",IF(AH89="No","⚠ Missing",IF(AK89="Yes","✓ OK","⚠ Check")))) -> ❌ Disc | AW89: =IF(AO89="","",IF(AR89="Yes","❌ Disc",IF(AQ89="No","⚠ Missing",IF(AT89="Yes","✓ OK","⚠ Check"))))
A90: 94 | B90: BD-LAM-2023-0077 | C90: Lam SL AU 1mm 2912 Rincon Beige Oak(Gold) | D90: Stylam | E90: 46125 | F90: Sunil CR | G90: Yes | H90: No | I90: Minor defect | J90: No | K90: Categorization sticker is missing | L90: Yes | M90: =IF(E90="","",IF(H90="Yes","❌ Disc",IF(G90="No","⚠ Missing",IF(J90="Yes","✓ OK","⚠ Check")))) -> ⚠ Check | N90: 46193 | O90: Sunil CR | P90: Yes | Q90: No | R90: Minor defect | S90: No | T90: Categorization sticker is missing | U90: Yes | V90: =IF(N90="","",IF(Q90="Yes","❌ Disc",IF(P90="No","⚠ Missing",IF(S90="Yes","✓ OK","⚠ Check")))) -> ⚠ Check | W90: 46248 | X90: Sunil CR | Y90: No | Z90: Yes | AA90: Discontinued | AB90: No | AC90: Categorization sticker is missing | AD90: No | AE90: =IF(W90="","",IF(Z90="Yes","❌ Disc",IF(Y90="No","⚠ Missing",IF(AB90="Yes","✓ OK","⚠ Check")))) -> ❌ Disc | AF90: 18-09-2026 | AG90: Sunil CR | AH90: Yes | AI90: Yes | AJ90: Good finish | AK90: Yes | AM90: No | AN90: =IF(AF90="","",IF(AI90="Yes","❌ Disc",IF(AH90="No","⚠ Missing",IF(AK90="Yes","✓ OK","⚠ Check")))) -> ❌ Disc | AW90: =IF(AO90="","",IF(AR90="Yes","❌ Disc",IF(AQ90="No","⚠ Missing",IF(AT90="Yes","✓ OK","⚠ Check"))))
A91: 95 | B91: BD-LAM-2023-0217 | C91: Lam SL AU 1mm 2915 Nelson Grey Oak(Gold) | D91: Stylam | E91: 46125 | F91: Sunil CR | G91: Yes | H91: No | I91: Good finish | J91: Yes | L91: No | M91: =IF(E91="","",IF(H91="Yes","❌ Disc",IF(G91="No","⚠ Missing",IF(J91="Yes","✓ OK","⚠ Check")))) -> ✓ OK | N91: 46193 | O91: Sunil CR | P91: No | Q91: Yes | R91: Discontinued | S91: No | U91: No | V91: =IF(N91="","",IF(Q91="Yes","❌ Disc",IF(P91="No","⚠ Missing",IF(S91="Yes","✓ OK","⚠ Check")))) -> ❌ Disc | W91: 46248 | X91: Sunil CR | Y91: No | Z91: Yes | AA91: Discontinued | AB91: No | AD91: No | AE91: =IF(W91="","",IF(Z91="Yes","❌ Disc",IF(Y91="No","⚠ Missing",IF(AB91="Yes","✓ OK","⚠ Check")))) -> ❌ Disc | AF91: 18-09-2026 | AG91: Sunil CR | AH91: No | AI91: Yes | AJ91: Discontinued | AK91: No | AM91: No | AN91: =IF(AF91="","",IF(AI91="Yes","❌ Disc",IF(AH91="No","⚠ Missing",IF(AK91="Yes","✓ OK","⚠ Check")))) -> ❌ Disc | AW91: =IF(AO91="","",IF(AR91="Yes","❌ Disc",IF(AQ91="No","⚠ Missing",IF(AT91="Yes","✓ OK","⚠ Check"))))
A92: 96 | B92: BD-LAM-2023-0199 | C92: Lam SL AW 1mm 2292 Meraki Walnut (Gold) | D92: Stylam | E92: 46125 | F92: Sunil CR | G92: Yes | H92: No | I92: Good finish | J92: Yes | K92: Available in small book | L92: No | M92: =IF(E92="","",IF(H92="Yes","❌ Disc",IF(G92="No","⚠ Missing",IF(J92="Yes","✓ OK","⚠ Check")))) -> ✓ OK | N92: 46193 | O92: Sunil CR | P92: Yes | Q92: No | R92: Good finish | S92: Yes | T92: Available in small book | U92: No | V92: =IF(N92="","",IF(Q92="Yes","❌ Disc",IF(P92="No","⚠ Missing",IF(S92="Yes","✓ OK","⚠ Check")))) -> ✓ OK | W92: 46248 | X92: Sunil CR | Y92: Yes | Z92: No | AA92: Good finish | AB92: Yes | AC92: Available in small book | AD92: No | AE92: =IF(W92="","",IF(Z92="Yes","❌ Disc",IF(Y92="No","⚠ Missing",IF(AB92="Yes","✓ OK","⚠ Check")))) -> ✓ OK | AF92: 18-09-2026 | AG92: Sunil CR | AH92: Yes | AI92: No | AJ92: Good finish | AK92: Yes | AL92: Available in small book | AM92: No | AN92: =IF(AF92="","",IF(AI92="Yes","❌ Disc",IF(AH92="No","⚠ Missing",IF(AK92="Yes","✓ OK","⚠ Check")))) -> ✓ OK | AW92: =IF(AO92="","",IF(AR92="Yes","❌ Disc",IF(AQ92="No","⚠ Missing",IF(AT92="Yes","✓ OK","⚠ Check"))))
A93: 97 | B93: BD-LAM-2023-0158 | C93: Lam SL AW 1mm 2309 Fairfield Walnut(Gold) | D93: Stylam | E93: 46125 | F93: Sunil CR | G93: Yes | H93: No | I93: Good finish | J93: Yes | K93: Available in small book | L93: No | M93: =IF(E93="","",IF(H93="Yes","❌ Disc",IF(G93="No","⚠ Missing",IF(J93="Yes","✓ OK","⚠ Check")))) -> ✓ OK | N93: 46193 | O93: Sunil CR | P93: Yes | Q93: No | R93: Good finish | S93: Yes | T93: Available in small book | U93: No | V93: =IF(N93="","",IF(Q93="Yes","❌ Disc",IF(P93="No","⚠ Missing",IF(S93="Yes","✓ OK","⚠ Check")))) -> ✓ OK | W93: 46248 | X93: Sunil CR | Y93: Yes | Z93: No | AA93: Good finish | AB93: Yes | AC93: Available in small book | AD93: No | AE93: =IF(W93="","",IF(Z93="Yes","❌ Disc",IF(Y93="No","⚠ Missing",IF(AB93="Yes","✓ OK","⚠ Check")))) -> ✓ OK | AF93: 18-09-2026 | AG93: Sunil CR | AH93: Yes | AI93: No | AJ93: Good finish | AK93: Yes | AL93: Available in small book | AM93: No | AN93: =IF(AF93="","",IF(AI93="Yes","❌ Disc",IF(AH93="No","⚠ Missing",IF(AK93="Yes","✓ OK","⚠ Check")))) -> ✓ OK | AW93: =IF(AO93="","",IF(AR93="Yes","❌ Disc",IF(AQ93="No","⚠ Missing",IF(AT93="Yes","✓ OK","⚠ Check"))))
A94: 98 | B94: BD-LAM-2023-0297 | C94: Lam SL BC 1mm 2323 Walker Rough(Gold) | D94: Stylam | E94: 46125 | F94: Sunil CR | G94: Yes | H94: No | I94: Good finish | J94: Yes | K94: Available in small book | L94: No | M94: =IF(E94="","",IF(H94="Yes","❌ Disc",IF(G94="No","⚠ Missing",IF(J94="Yes","✓ OK","⚠ Check")))) -> ✓ OK | N94: 46193 | O94: Sunil CR | P94: Yes | Q94: No | R94: Good finish | S94: Yes | T94: Available in small book | U94: No | V94: =IF(N94="","",IF(Q94="Yes","❌ Disc",IF(P94="No","⚠ Missing",IF(S94="Yes","✓ OK","⚠ Check")))) -> ✓ OK | W94: 46248 | X94: Sunil CR | Y94: Yes | Z94: No | AA94: Good finish | AB94: Yes | AC94: Available in small book | AD94: No | AE94: =IF(W94="","",IF(Z94="Yes","❌ Disc",IF(Y94="No","⚠ Missing",IF(AB94="Yes","✓ OK","⚠ Check")))) -> ✓ OK | AF94: 18-09-2026 | AG94: Sunil CR | AH94: No | AI94: Yes | AJ94: Discontinued | AK94: No | AM94: No | AN94: =IF(AF94="","",IF(AI94="Yes","❌ Disc",IF(AH94="No","⚠ Missing",IF(AK94="Yes","✓ OK","⚠ Check")))) -> ❌ Disc | AW94: =IF(AO94="","",IF(AR94="Yes","❌ Disc",IF(AQ94="No","⚠ Missing",IF(AT94="Yes","✓ OK","⚠ Check"))))
A95: 99 | B95: BD-LAM-2024-0101 | C95: LAM SL BK 1mm 7601 Ash Linosa(Gold) | D95: Stylam | E95: 46125 | F95: Sunil CR | G95: Yes | H95: No | I95: Good finish | J95: Yes | L95: No | M95: =IF(E95="","",IF(H95="Yes","❌ Disc",IF(G95="No","⚠ Missing",IF(J95="Yes","✓ OK","⚠ Check")))) -> ✓ OK | N95: 46193 | O95: Sunil CR | P95: Yes | Q95: No | R95: Good finish | S95: Yes | U95: No | V95: =IF(N95="","",IF(Q95="Yes","❌ Disc",IF(P95="No","⚠ Missing",IF(S95="Yes","✓ OK","⚠ Check")))) -> ✓ OK | W95: 46248 | X95: Sunil CR | Y95: No | Z95: Yes | AA95: Discontinued | AB95: No | AD95: No | AE95: =IF(W95="","",IF(Z95="Yes","❌ Disc",IF(Y95="No","⚠ Missing",IF(AB95="Yes","✓ OK","⚠ Check")))) -> ❌ Disc | AF95: 18-09-2026 | AG95: Sunil CR | AH95: No | AI95: Yes | AJ95: Discontinued | AK95: No | AM95: No | AN95: =IF(AF95="","",IF(AI95="Yes","❌ Disc",IF(AH95="No","⚠ Missing",IF(AK95="Yes","✓ OK","⚠ Check")))) -> ❌ Disc | AW95: =IF(AO95="","",IF(AR95="Yes","❌ Disc",IF(AQ95="No","⚠ Missing",IF(AT95="Yes","✓ OK","⚠ Check"))))
A96: 100 | B96: BD-LAM-2023-0133 | C96: Lam SL BTS 1mm 1014 City Shadow(Gold) | D96: Stylam | E96: 46125 | F96: Sunil CR | G96: Yes | H96: No | I96: Good finish | J96: Yes | L96: No | M96: =IF(E96="","",IF(H96="Yes","❌ Disc",IF(G96="No","⚠ Missing",IF(J96="Yes","✓ OK","⚠ Check")))) -> ✓ OK | N96: 46193 | O96: Sunil CR | P96: No | Q96: Yes | R96: Discontinued | S96: No | U96: No | V96: =IF(N96="","",IF(Q96="Yes","❌ Disc",IF(P96="No","⚠ Missing",IF(S96="Yes","✓ OK","⚠ Check")))) -> ❌ Disc | W96: 46248 | X96: Sunil CR | Y96: No | Z96: Yes | AA96: Discontinued | AB96: No | AD96: No | AE96: =IF(W96="","",IF(Z96="Yes","❌ Disc",IF(Y96="No","⚠ Missing",IF(AB96="Yes","✓ OK","⚠ Check")))) -> ❌ Disc | AF96: 18-09-2026 | AG96: Sunil CR | AH96: No | AI96: Yes | AJ96: Discontinued | AK96: No | AM96: No | AN96: =IF(AF96="","",IF(AI96="Yes","❌ Disc",IF(AH96="No","⚠ Missing",IF(AK96="Yes","✓ OK","⚠ Check")))) -> ❌ Disc | AW96: =IF(AO96="","",IF(AR96="Yes","❌ Disc",IF(AQ96="No","⚠ Missing",IF(AT96="Yes","✓ OK","⚠ Check"))))
A97: 101 | B97: BD-LAM-2024-0071 | C97: Lam SL BTS 1mm 1521 Rugged Dark(Gold) | D97: Stylam | E97: 46125 | F97: Sunil CR | G97: Yes | H97: No | I97: Good finish | J97: Yes | L97: No | M97: =IF(E97="","",IF(H97="Yes","❌ Disc",IF(G97="No","⚠ Missing",IF(J97="Yes","✓ OK","⚠ Check")))) -> ✓ OK | N97: 46193 | O97: Sunil CR | P97: Yes | Q97: No | R97: Good finish | S97: Yes | U97: No | V97: =IF(N97="","",IF(Q97="Yes","❌ Disc",IF(P97="No","⚠ Missing",IF(S97="Yes","✓ OK","⚠ Check")))) -> ✓ OK | W97: 46248 | X97: Sunil CR | Y97: Yes | Z97: No | AA97: Good finish | AB97: Yes | AD97: No | AE97: =IF(W97="","",IF(Z97="Yes","❌ Disc",IF(Y97="No","⚠ Missing",IF(AB97="Yes","✓ OK","⚠ Check")))) -> ✓ OK | AF97: 18-09-2026 | AG97: Sunil CR | AH97: No | AI97: Yes | AJ97: Discontinued | AK97: No | AM97: No | AN97: =IF(AF97="","",IF(AI97="Yes","❌ Disc",IF(AH97="No","⚠ Missing",IF(AK97="Yes","✓ OK","⚠ Check")))) -> ❌ Disc | AW97: =IF(AO97="","",IF(AR97="Yes","❌ Disc",IF(AQ97="No","⚠ Missing",IF(AT97="Yes","✓ OK","⚠ Check"))))
A98: 102 | B98: BD-LAM-2024-0092 | C98: LAM SL BTS 1mm 2549 Guest Wood(Gold) | D98: Stylam | E98: 46125 | F98: Sunil CR | G98: Yes | H98: No | I98: Good finish | J98: Yes | L98: No | M98: =IF(E98="","",IF(H98="Yes","❌ Disc",IF(G98="No","⚠ Missing",IF(J98="Yes","✓ OK","⚠ Check")))) -> ✓ OK | N98: 46193 | O98: Sunil CR | P98: Yes | Q98: No | R98: Good finish | S98: Yes | U98: No | V98: =IF(N98="","",IF(Q98="Yes","❌ Disc",IF(P98="No","⚠ Missing",IF(S98="Yes","✓ OK","⚠ Check")))) -> ✓ OK | W98: 46248 | X98: Sunil CR | Y98: Yes | Z98: No | AA98: Good finish | AB98: Yes | AD98: No | AE98: =IF(W98="","",IF(Z98="Yes","❌ Disc",IF(Y98="No","⚠ Missing",IF(AB98="Yes","✓ OK","⚠ Check")))) -> ✓ OK | AF98: 18-09-2026 | AG98: Sunil CR | AH98: No | AI98: Yes | AJ98: Discontinued | AK98: No | AM98: No | AN98: =IF(AF98="","",IF(AI98="Yes","❌ Disc",IF(AH98="No","⚠ Missing",IF(AK98="Yes","✓ OK","⚠ Check")))) -> ❌ Disc | AW98: =IF(AO98="","",IF(AR98="Yes","❌ Disc",IF(AQ98="No","⚠ Missing",IF(AT98="Yes","✓ OK","⚠ Check"))))
A99: 103 | B99: BD-LAM-2024-0093 | C99: LAM SL BTS 1mm 2550 Cement Wood(Gold) | D99: Stylam | E99: 46125 | F99: Sunil CR | G99: Yes | H99: No | I99: Good finish | J99: Yes | L99: No | M99: =IF(E99="","",IF(H99="Yes","❌ Disc",IF(G99="No","⚠ Missing",IF(J99="Yes","✓ OK","⚠ Check")))) -> ✓ OK | N99: 46193 | O99: Sunil CR | P99: Yes | Q99: No | R99: Good finish | S99: Yes | U99: No | V99: =IF(N99="","",IF(Q99="Yes","❌ Disc",IF(P99="No","⚠ Missing",IF(S99="Yes","✓ OK","⚠ Check")))) -> ✓ OK | W99: 46248 | X99: Sunil CR | Y99: Yes | Z99: No | AA99: Good finish | AB99: Yes | AD99: No | AE99: =IF(W99="","",IF(Z99="Yes","❌ Disc",IF(Y99="No","⚠ Missing",IF(AB99="Yes","✓ OK","⚠ Check")))) -> ✓ OK | AF99: 18-09-2026 | AG99: Sunil CR | AH99: No | AI99: Yes | AJ99: Discontinued | AK99: No | AM99: No | AN99: =IF(AF99="","",IF(AI99="Yes","❌ Disc",IF(AH99="No","⚠ Missing",IF(AK99="Yes","✓ OK","⚠ Check")))) -> ❌ Disc | AW99: =IF(AO99="","",IF(AR99="Yes","❌ Disc",IF(AQ99="No","⚠ Missing",IF(AT99="Yes","✓ OK","⚠ Check"))))
A100: 104 | B100: BD-LAM-2024-0042 | C100: Lam SL CL 1mm 1033 Tidal Sand(Gold) | D100: Stylam | E100: 46125 | F100: Sunil CR | G100: Yes | H100: No | I100: Good finish | J100: Yes | L100: No | M100: =IF(E100="","",IF(H100="Yes","❌ Disc",IF(G100="No","⚠ Missing",IF(J100="Yes","✓ OK","⚠ Check")))) -> ✓ OK | N100: 46193 | O100: Sunil CR | P100: Yes | Q100: No | R100: Good finish | S100: Yes | U100: No | V100: =IF(N100="","",IF(Q100="Yes","❌ Disc",IF(P100="No","⚠ Missing",IF(S100="Yes","✓ OK","⚠ Check")))) -> ✓ OK | W100: 46248 | X100: Sunil CR | Y100: Yes | Z100: No | AA100: Good finish | AB100: Yes | AD100: No | AE100: =IF(W100="","",IF(Z100="Yes","❌ Disc",IF(Y100="No","⚠ Missing",IF(AB100="Yes","✓ OK","⚠ Check")))) -> ✓ OK | AF100: 18-09-2026 | AG100: Sunil CR | AH100: Yes | AI100: No | AJ100: Good finish | AK100: Yes | AM100: No | AN100: =IF(AF100="","",IF(AI100="Yes","❌ Disc",IF(AH100="No","⚠ Missing",IF(AK100="Yes","✓ OK","⚠ Check")))) -> ✓ OK | AW100: =IF(AO100="","",IF(AR100="Yes","❌ Disc",IF(AQ100="No","⚠ Missing",IF(AT100="Yes","✓ OK","⚠ Check"))))
A101: 105 | B101: BD-LAM-2024-0088 | C101: LAM SL CL 1mm 142 Black Magic(Gold) | D101: Stylam | E101: 46125 | F101: Sunil CR | G101: Yes | H101: No | I101: Good finish | J101: Yes | L101: No | M101: =IF(E101="","",IF(H101="Yes","❌ Disc",IF(G101="No","⚠ Missing",IF(J101="Yes","✓ OK","⚠ Check")))) -> ✓ OK | N101: 46193 | O101: Sunil CR | P101: Yes | Q101: No | R101: Good finish | S101: Yes | U101: No | V101: =IF(N101="","",IF(Q101="Yes","❌ Disc",IF(P101="No","⚠ Missing",IF(S101="Yes","✓ OK","⚠ Check")))) -> ✓ OK | W101: 46248 | X101: Sunil CR | Y101: Yes | Z101: No | AA101: Good finish | AB101: Yes | AD101: No | AE101: =IF(W101="","",IF(Z101="Yes","❌ Disc",IF(Y101="No","⚠ Missing",IF(AB101="Yes","✓ OK","⚠ Check")))) -> ✓ OK | AF101: 18-09-2026 | AG101: Sunil CR | AH101: Yes | AI101: No | AJ101: Good finish | AK101: Yes | AM101: No | AN101: =IF(AF101="","",IF(AI101="Yes","❌ Disc",IF(AH101="No","⚠ Missing",IF(AK101="Yes","✓ OK","⚠ Check")))) -> ✓ OK | AW101: =IF(AO101="","",IF(AR101="Yes","❌ Disc",IF(AQ101="No","⚠ Missing",IF(AT101="Yes","✓ OK","⚠ Check"))))
A102: 106 | B102: BD-LAM-2024-0089 | C102: LAM SL CL 1mm 1590 Wickham Grey(Gold) | D102: Stylam | E102: 46125 | F102: Sunil CR | G102: Yes | H102: No | I102: Good finish | J102: Yes | L102: No | M102: =IF(E102="","",IF(H102="Yes","❌ Disc",IF(G102="No","⚠ Missing",IF(J102="Yes","✓ OK","⚠ Check")))) -> ✓ OK | N102: 46193 | O102: Sunil CR | P102: Yes | Q102: No | R102: Good finish | S102: Yes | U102: No | V102: =IF(N102="","",IF(Q102="Yes","❌ Disc",IF(P102="No","⚠ Missing",IF(S102="Yes","✓ OK","⚠ Check")))) -> ✓ OK | W102: 46248 | X102: Sunil CR | Y102: Yes | Z102: No | AA102: Good finish | AB102: Yes | AD102: No | AE102: =IF(W102="","",IF(Z102="Yes","❌ Disc",IF(Y102="No","⚠ Missing",IF(AB102="Yes","✓ OK","⚠ Check")))) -> ✓ OK | AF102: 18-09-2026 | AG102: Sunil CR | AH102: Yes | AI102: No | AJ102: Good finish | AK102: Yes | AM102: No | AN102: =IF(AF102="","",IF(AI102="Yes","❌ Disc",IF(AH102="No","⚠ Missing",IF(AK102="Yes","✓ OK","⚠ Check")))) -> ✓ OK | AW102: =IF(AO102="","",IF(AR102="Yes","❌ Disc",IF(AQ102="No","⚠ Missing",IF(AT102="Yes","✓ OK","⚠ Check"))))
A103: 107 | B103: BD-LAM-2024-0044 | C103: Lam SL CL 1mm 1702 Dusky Mehndi(Gold) | D103: Stylam | E103: 46125 | F103: Sunil CR | G103: Yes | H103: No | I103: Good finish | J103: Yes | L103: No | M103: =IF(E103="","",IF(H103="Yes","❌ Disc",IF(G103="No","⚠ Missing",IF(J103="Yes","✓ OK","⚠ Check")))) -> ✓ OK | N103: 46193 | O103: Sunil CR | P103: Yes | Q103: No | R103: Good finish | S103: Yes | U103: No | V103: =IF(N103="","",IF(Q103="Yes","❌ Disc",IF(P103="No","⚠ Missing",IF(S103="Yes","✓ OK","⚠ Check")))) -> ✓ OK | W103: 46248 | X103: Sunil CR | Y103: Yes | Z103: No | AA103: Good finish | AB103: Yes | AD103: No | AE103: =IF(W103="","",IF(Z103="Yes","❌ Disc",IF(Y103="No","⚠ Missing",IF(AB103="Yes","✓ OK","⚠ Check")))) -> ✓ OK | AF103: 18-09-2026 | AG103: Sunil CR | AH103: Yes | AI103: No | AJ103: Good finish | AK103: Yes | AM103: No | AN103: =IF(AF103="","",IF(AI103="Yes","❌ Disc",IF(AH103="No","⚠ Missing",IF(AK103="Yes","✓ OK","⚠ Check")))) -> ✓ OK | AW103: =IF(AO103="","",IF(AR103="Yes","❌ Disc",IF(AQ103="No","⚠ Missing",IF(AT103="Yes","✓ OK","⚠ Check"))))
A104: 108 | B104: BD-LAM-2023-0225 | C104: Lam SL CL 1mm 8003 Off White(Gold) | D104: Stylam | E104: 46125 | F104: Sunil CR | G104: Yes | H104: No | I104: Good finish | J104: Yes | L104: No | M104: =IF(E104="","",IF(H104="Yes","❌ Disc",IF(G104="No","⚠ Missing",IF(J104="Yes","✓ OK","⚠ Check")))) -> ✓ OK | N104: 46193 | O104: Sunil CR | P104: Yes | Q104: No | R104: Good finish | S104: Yes | U104: No | V104: =IF(N104="","",IF(Q104="Yes","❌ Disc",IF(P104="No","⚠ Missing",IF(S104="Yes","✓ OK","⚠ Check")))) -> ✓ OK | W104: 46248 | X104: Sunil CR | Y104: Yes | Z104: No | AA104: Good finish | AB104: Yes | AD104: No | AE104: =IF(W104="","",IF(Z104="Yes","❌ Disc",IF(Y104="No","⚠ Missing",IF(AB104="Yes","✓ OK","⚠ Check")))) -> ✓ OK | AF104: 18-09-2026 | AG104: Sunil CR | AH104: Yes | AI104: No | AJ104: Good finish | AK104: Yes | AM104: No | AN104: =IF(AF104="","",IF(AI104="Yes","❌ Disc",IF(AH104="No","⚠ Missing",IF(AK104="Yes","✓ OK","⚠ Check")))) -> ✓ OK | AW104: =IF(AO104="","",IF(AR104="Yes","❌ Disc",IF(AQ104="No","⚠ Missing",IF(AT104="Yes","✓ OK","⚠ Check"))))
A105: 109 | B105: BD-LAM-2024-0045 | C105: Lam SL CL 1mm 8109 Slate Grey(Gold) | D105: Stylam | E105: 46125 | F105: Sunil CR | G105: Yes | H105: No | I105: Good finish | J105: Yes | L105: No | M105: =IF(E105="","",IF(H105="Yes","❌ Disc",IF(G105="No","⚠ Missing",IF(J105="Yes","✓ OK","⚠ Check")))) -> ✓ OK | N105: 46193 | O105: Sunil CR | P105: Yes | Q105: No | R105: Good finish | S105: Yes | U105: No | V105: =IF(N105="","",IF(Q105="Yes","❌ Disc",IF(P105="No","⚠ Missing",IF(S105="Yes","✓ OK","⚠ Check")))) -> ✓ OK | W105: 46248 | X105: Sunil CR | Y105: Yes | Z105: No | AA105: Good finish | AB105: Yes | AD105: No | AE105: =IF(W105="","",IF(Z105="Yes","❌ Disc",IF(Y105="No","⚠ Missing",IF(AB105="Yes","✓ OK","⚠ Check")))) -> ✓ OK | AF105: 18-09-2026 | AG105: Sunil CR | AH105: Yes | AI105: No | AJ105: Good finish | AK105: Yes | AM105: No | AN105: =IF(AF105="","",IF(AI105="Yes","❌ Disc",IF(AH105="No","⚠ Missing",IF(AK105="Yes","✓ OK","⚠ Check")))) -> ✓ OK | AW105: =IF(AO105="","",IF(AR105="Yes","❌ Disc",IF(AQ105="No","⚠ Missing",IF(AT105="Yes","✓ OK","⚠ Check"))))
A106: 110 | B106: BD-LAM-2023-0259 | C106: Lam SL CL 1mm 8206 Rock Brown(Gold) | D106: Stylam | E106: 46125 | F106: Sunil CR | G106: Yes | H106: No | I106: Minor defect | J106: No | K106: Sticker is missing | L106: Yes | M106: =IF(E106="","",IF(H106="Yes","❌ Disc",IF(G106="No","⚠ Missing",IF(J106="Yes","✓ OK","⚠ Check")))) -> ⚠ Check | N106: 46193 | O106: Sunil CR | P106: Yes | Q106: No | R106: Minor defect | S106: No | T106: Sticker is missing | U106: Yes | V106: =IF(N106="","",IF(Q106="Yes","❌ Disc",IF(P106="No","⚠ Missing",IF(S106="Yes","✓ OK","⚠ Check")))) -> ⚠ Check | W106: 46248 | X106: Sunil CR | Y106: Yes | Z106: No | AA106: Good finish | AB106: Yes | AD106: Yes | AE106: =IF(W106="","",IF(Z106="Yes","❌ Disc",IF(Y106="No","⚠ Missing",IF(AB106="Yes","✓ OK","⚠ Check")))) -> ✓ OK | AF106: 18-09-2026 | AG106: Sunil CR | AH106: Yes | AI106: No | AJ106: Good finish | AK106: Yes | AM106: No | AN106: =IF(AF106="","",IF(AI106="Yes","❌ Disc",IF(AH106="No","⚠ Missing",IF(AK106="Yes","✓ OK","⚠ Check")))) -> ✓ OK | AW106: =IF(AO106="","",IF(AR106="Yes","❌ Disc",IF(AQ106="No","⚠ Missing",IF(AT106="Yes","✓ OK","⚠ Check"))))
A107: 111 | B107: BD-LAM-2023-0311 | C107: Lam SL CL 1mm 8221 Yellowish Brown(Gold) | D107: Stylam | E107: 46125 | F107: Sunil CR | G107: Yes | H107: No | I107: Minor defect | J107: No | K107: Categorization sticker is missing | L107: Yes | M107: =IF(E107="","",IF(H107="Yes","❌ Disc",IF(G107="No","⚠ Missing",IF(J107="Yes","✓ OK","⚠ Check")))) -> ⚠ Check | N107: 46193 | O107: Sunil CR | P107: No | Q107: Yes | R107: Discontinued | S107: No | U107: Yes | V107: =IF(N107="","",IF(Q107="Yes","❌ Disc",IF(P107="No","⚠ Missing",IF(S107="Yes","✓ OK","⚠ Check")))) -> ❌ Disc | W107: 46248 | X107: Sunil CR | Y107: No | Z107: Yes | AA107: Discontinued | AB107: No | AD107: No | AE107: =IF(W107="","",IF(Z107="Yes","❌ Disc",IF(Y107="No","⚠ Missing",IF(AB107="Yes","✓ OK","⚠ Check")))) -> ❌ Disc | AF107: 18-09-2026 | AG107: Sunil CR | AH107: Yes | AI107: Yes | AJ107: Good finish | AK107: Yes | AM107: No | AN107: =IF(AF107="","",IF(AI107="Yes","❌ Disc",IF(AH107="No","⚠ Missing",IF(AK107="Yes","✓ OK","⚠ Check")))) -> ❌ Disc | AW107: =IF(AO107="","",IF(AR107="Yes","❌ Disc",IF(AQ107="No","⚠ Missing",IF(AT107="Yes","✓ OK","⚠ Check"))))
A108: 112 | B108: BD-LAM-2024-0043 | C108: Lam SL CL 1mm 8231 Coffee(Gold) | D108: Stylam | E108: 46125 | F108: Sunil CR | G108: Yes | H108: No | I108: Good finish | J108: Yes | L108: No | M108: =IF(E108="","",IF(H108="Yes","❌ Disc",IF(G108="No","⚠ Missing",IF(J108="Yes","✓ OK","⚠ Check")))) -> ✓ OK | N108: 46193 | O108: Sunil CR | P108: Yes | Q108: No | R108: Good finish | S108: Yes | U108: No | V108: =IF(N108="","",IF(Q108="Yes","❌ Disc",IF(P108="No","⚠ Missing",IF(S108="Yes","✓ OK","⚠ Check")))) -> ✓ OK | W108: 46248 | X108: Sunil CR | Y108: Yes | Z108: No | AA108: Good finish | AB108: Yes | AD108: No | AE108: =IF(W108="","",IF(Z108="Yes","❌ Disc",IF(Y108="No","⚠ Missing",IF(AB108="Yes","✓ OK","⚠ Check")))) -> ✓ OK | AF108: 18-09-2026 | AG108: Sunil CR | AH108: Yes | AI108: No | AJ108: Good finish | AK108: Yes | AM108: No | AN108: =IF(AF108="","",IF(AI108="Yes","❌ Disc",IF(AH108="No","⚠ Missing",IF(AK108="Yes","✓ OK","⚠ Check")))) -> ✓ OK | AW108: =IF(AO108="","",IF(AR108="Yes","❌ Disc",IF(AQ108="No","⚠ Missing",IF(AT108="Yes","✓ OK","⚠ Check"))))
A109: 113 | B109: BD-LAM-2024-0061 | C109: Lam SL CN 1mm 2386 Refugee Oak(Platinum) | D109: Stylam | E109: 46125 | F109: Sunil CR | G109: Yes | H109: No | I109: Good finish | J109: Yes | L109: No | M109: =IF(E109="","",IF(H109="Yes","❌ Disc",IF(G109="No","⚠ Missing",IF(J109="Yes","✓ OK","⚠ Check")))) -> ✓ OK | N109: 46193 | O109: Sunil CR | P109: Yes | Q109: No | R109: Good finish | S109: Yes | U109: No | V109: =IF(N109="","",IF(Q109="Yes","❌ Disc",IF(P109="No","⚠ Missing",IF(S109="Yes","✓ OK","⚠ Check")))) -> ✓ OK | W109: 46248 | X109: Sunil CR | Y109: Yes | Z109: No | AA109: Good finish | AB109: Yes | AD109: No | AE109: =IF(W109="","",IF(Z109="Yes","❌ Disc",IF(Y109="No","⚠ Missing",IF(AB109="Yes","✓ OK","⚠ Check")))) -> ✓ OK | AF109: 18-09-2026 | AG109: Sunil CR | AH109: Yes | AI109: No | AJ109: Good finish | AK109: Yes | AM109: No | AN109: =IF(AF109="","",IF(AI109="Yes","❌ Disc",IF(AH109="No","⚠ Missing",IF(AK109="Yes","✓ OK","⚠ Check")))) -> ✓ OK | AW109: =IF(AO109="","",IF(AR109="Yes","❌ Disc",IF(AQ109="No","⚠ Missing",IF(AT109="Yes","✓ OK","⚠ Check"))))
A110: 114 | B110: BD-LAM-2024-0082 | C110: Lam SL CTS 1mm 2903 Paduok Wood(Gold) | D110: Stylam | E110: 46125 | F110: Sunil CR | G110: Yes | H110: No | I110: Good finish | J110: Yes | L110: No | M110: =IF(E110="","",IF(H110="Yes","❌ Disc",IF(G110="No","⚠ Missing",IF(J110="Yes","✓ OK","⚠ Check")))) -> ✓ OK | N110: 46193 | O110: Sunil CR | P110: Yes | Q110: No | R110: Good finish | S110: Yes | U110: No | V110: =IF(N110="","",IF(Q110="Yes","❌ Disc",IF(P110="No","⚠ Missing",IF(S110="Yes","✓ OK","⚠ Check")))) -> ✓ OK | W110: 46248 | X110: Sunil CR | Y110: No | Z110: Yes | AA110: Discontinued | AB110: No | AD110: No | AE110: =IF(W110="","",IF(Z110="Yes","❌ Disc",IF(Y110="No","⚠ Missing",IF(AB110="Yes","✓ OK","⚠ Check")))) -> ❌ Disc | AF110: 18-09-2026 | AG110: Sunil CR | AH110: No | AI110: Yes | AJ110: Discontinued | AK110: No | AM110: No | AN110: =IF(AF110="","",IF(AI110="Yes","❌ Disc",IF(AH110="No","⚠ Missing",IF(AK110="Yes","✓ OK","⚠ Check")))) -> ❌ Disc | AW110: =IF(AO110="","",IF(AR110="Yes","❌ Disc",IF(AQ110="No","⚠ Missing",IF(AT110="Yes","✓ OK","⚠ Check"))))
A111: 115 | B111: BD-LAM-2024-0080 | C111: Lam SL FA 1mm 2309 Fairfield Walnut(Gold) | D111: Stylam | E111: 46125 | F111: Sunil CR | G111: Yes | H111: No | I111: Good finish | J111: Yes | L111: No | M111: =IF(E111="","",IF(H111="Yes","❌ Disc",IF(G111="No","⚠ Missing",IF(J111="Yes","✓ OK","⚠ Check")))) -> ✓ OK | N111: 46193 | O111: Sunil CR | P111: Yes | Q111: No | R111: Good finish | S111: Yes | U111: No | V111: =IF(N111="","",IF(Q111="Yes","❌ Disc",IF(P111="No","⚠ Missing",IF(S111="Yes","✓ OK","⚠ Check")))) -> ✓ OK | W111: 46248 | X111: Sunil CR | Y111: Yes | Z111: No | AA111: Good finish | AB111: Yes | AD111: No | AE111: =IF(W111="","",IF(Z111="Yes","❌ Disc",IF(Y111="No","⚠ Missing",IF(AB111="Yes","✓ OK","⚠ Check")))) -> ✓ OK | AF111: 18-09-2026 | AG111: Sunil CR | AH111: Yes | AI111: No | AJ111: Good finish | AK111: Yes | AM111: No | AN111: =IF(AF111="","",IF(AI111="Yes","❌ Disc",IF(AH111="No","⚠ Missing",IF(AK111="Yes","✓ OK","⚠ Check")))) -> ✓ OK | AW111: =IF(AO111="","",IF(AR111="Yes","❌ Disc",IF(AQ111="No","⚠ Missing",IF(AT111="Yes","✓ OK","⚠ Check"))))
A112: 116 | B112: BD-LAM-2024-0081 | C112: Lam SL FC 1mm 2289 Carolina Rovera(Gold) | D112: Stylam | E112: 46125 | F112: Sunil CR | G112: Yes | H112: No | I112: Good finish | J112: Yes | L112: No | M112: =IF(E112="","",IF(H112="Yes","❌ Disc",IF(G112="No","⚠ Missing",IF(J112="Yes","✓ OK","⚠ Check")))) -> ✓ OK | N112: 46193 | O112: Sunil CR | P112: Yes | Q112: No | R112: Good finish | S112: Yes | U112: No | V112: =IF(N112="","",IF(Q112="Yes","❌ Disc",IF(P112="No","⚠ Missing",IF(S112="Yes","✓ OK","⚠ Check")))) -> ✓ OK | W112: 46248 | X112: Sunil CR | Y112: No | Z112: Yes | AA112: Discontinued | AB112: No | AD112: No | AE112: =IF(W112="","",IF(Z112="Yes","❌ Disc",IF(Y112="No","⚠ Missing",IF(AB112="Yes","✓ OK","⚠ Check")))) -> ❌ Disc | AF112: 18-09-2026 | AG112: Sunil CR | AH112: No | AI112: Yes | AJ112: Discontinued | AK112: No | AM112: No | AN112: =IF(AF112="","",IF(AI112="Yes","❌ Disc",IF(AH112="No","⚠ Missing",IF(AK112="Yes","✓ OK","⚠ Check")))) -> ❌ Disc | AW112: =IF(AO112="","",IF(AR112="Yes","❌ Disc",IF(AQ112="No","⚠ Missing",IF(AT112="Yes","✓ OK","⚠ Check"))))
A113: 117 | B113: BD-LAM-2023-0131 | C113: Lam SL FS 1mm 1014 City Shadow(Gold) | D113: Stylam | E113: 46125 | F113: Sunil CR | G113: Yes | H113: No | I113: Good finish | J113: Yes | K113: Available in small book | L113: No | M113: =IF(E113="","",IF(H113="Yes","❌ Disc",IF(G113="No","⚠ Missing",IF(J113="Yes","✓ OK","⚠ Check")))) -> ✓ OK | N113: 46193 | O113: Sunil CR | P113: No | Q113: Yes | R113: Discontinued | S113: No | U113: No | V113: =IF(N113="","",IF(Q113="Yes","❌ Disc",IF(P113="No","⚠ Missing",IF(S113="Yes","✓ OK","⚠ Check")))) -> ❌ Disc | W113: 46248 | X113: Sunil CR | Y113: No | Z113: Yes | AA113: Discontinued | AB113: No | AD113: No | AE113: =IF(W113="","",IF(Z113="Yes","❌ Disc",IF(Y113="No","⚠ Missing",IF(AB113="Yes","✓ OK","⚠ Check")))) -> ❌ Disc | AF113: 18-09-2026 | AG113: Sunil CR | AH113: No | AI113: Yes | AJ113: Discontinued | AK113: No | AM113: No | AN113: =IF(AF113="","",IF(AI113="Yes","❌ Disc",IF(AH113="No","⚠ Missing",IF(AK113="Yes","✓ OK","⚠ Check")))) -> ❌ Disc | AW113: =IF(AO113="","",IF(AR113="Yes","❌ Disc",IF(AQ113="No","⚠ Missing",IF(AT113="Yes","✓ OK","⚠ Check"))))
A114: 118 | B114: BD-LAM-2023-0080 | C114: Lam SL FS 1mm 1085 Absolute Peach(Gold) | D114: Stylam | E114: 46125 | F114: Sunil CR | G114: Yes | H114: No | I114: Good finish | J114: Yes | L114: No | M114: =IF(E114="","",IF(H114="Yes","❌ Disc",IF(G114="No","⚠ Missing",IF(J114="Yes","✓ OK","⚠ Check")))) -> ✓ OK | N114: 46193 | O114: Sunil CR | P114: No | Q114: Yes | R114: Discontinued | S114: No | U114: No | V114: =IF(N114="","",IF(Q114="Yes","❌ Disc",IF(P114="No","⚠ Missing",IF(S114="Yes","✓ OK","⚠ Check")))) -> ❌ Disc | W114: 46248 | X114: Sunil CR | Y114: No | Z114: Yes | AA114: Discontinued | AB114: No | AD114: No | AE114: =IF(W114="","",IF(Z114="Yes","❌ Disc",IF(Y114="No","⚠ Missing",IF(AB114="Yes","✓ OK","⚠ Check")))) -> ❌ Disc | AF114: 18-09-2026 | AG114: Sunil CR | AH114: No | AI114: Yes | AJ114: Discontinued | AK114: No | AM114: No | AN114: =IF(AF114="","",IF(AI114="Yes","❌ Disc",IF(AH114="No","⚠ Missing",IF(AK114="Yes","✓ OK","⚠ Check")))) -> ❌ Disc | AW114: =IF(AO114="","",IF(AR114="Yes","❌ Disc",IF(AQ114="No","⚠ Missing",IF(AT114="Yes","✓ OK","⚠ Check"))))
A115: 119 | B115: BD-LAM-2024-0050 | C115: Lam SL Gpro+ 1mm 1709 Avio Blue(Platinum) | D115: Stylam | E115: 46125 | F115: Sunil CR | G115: Yes | H115: No | I115: Good finish | J115: Yes | L115: No | M115: =IF(E115="","",IF(H115="Yes","❌ Disc",IF(G115="No","⚠ Missing",IF(J115="Yes","✓ OK","⚠ Check")))) -> ✓ OK | N115: 46193 | O115: Sunil CR | P115: Yes | Q115: No | R115: Good finish | S115: Yes | U115: No | V115: =IF(N115="","",IF(Q115="Yes","❌ Disc",IF(P115="No","⚠ Missing",IF(S115="Yes","✓ OK","⚠ Check")))) -> ✓ OK | W115: 46248 | X115: Sunil CR | Y115: Yes | Z115: No | AA115: Good finish | AB115: Yes | AD115: No | AE115: =IF(W115="","",IF(Z115="Yes","❌ Disc",IF(Y115="No","⚠ Missing",IF(AB115="Yes","✓ OK","⚠ Check")))) -> ✓ OK | AF115: 18-09-2026 | AG115: Sunil CR | AH115: Yes | AI115: No | AJ115: Good finish | AK115: Yes | AM115: No | AN115: =IF(AF115="","",IF(AI115="Yes","❌ Disc",IF(AH115="No","⚠ Missing",IF(AK115="Yes","✓ OK","⚠ Check")))) -> ✓ OK | AW115: =IF(AO115="","",IF(AR115="Yes","❌ Disc",IF(AQ115="No","⚠ Missing",IF(AT115="Yes","✓ OK","⚠ Check"))))
A116: 120 | B116: BD-LAM-2024-0051 | C116: Lam SL Gpro+ 1mm 1771 Velletri Blue(Platinum) | D116: Stylam | E116: 46125 | F116: Sunil CR | G116: Yes | H116: No | I116: Good finish | J116: Yes | L116: No | M116: =IF(E116="","",IF(H116="Yes","❌ Disc",IF(G116="No","⚠ Missing",IF(J116="Yes","✓ OK","⚠ Check")))) -> ✓ OK | N116: 46193 | O116: Sunil CR | P116: Yes | Q116: No | R116: Good finish | S116: Yes | U116: No | V116: =IF(N116="","",IF(Q116="Yes","❌ Disc",IF(P116="No","⚠ Missing",IF(S116="Yes","✓ OK","⚠ Check")))) -> ✓ OK | W116: 46248 | X116: Sunil CR | Y116: Yes | Z116: No | AA116: Good finish | AB116: Yes | AD116: No | AE116: =IF(W116="","",IF(Z116="Yes","❌ Disc",IF(Y116="No","⚠ Missing",IF(AB116="Yes","✓ OK","⚠ Check")))) -> ✓ OK | AF116: 18-09-2026 | AG116: Sunil CR | AH116: Yes | AI116: No | AJ116: Good finish | AK116: Yes | AM116: No | AN116: =IF(AF116="","",IF(AI116="Yes","❌ Disc",IF(AH116="No","⚠ Missing",IF(AK116="Yes","✓ OK","⚠ Check")))) -> ✓ OK | AW116: =IF(AO116="","",IF(AR116="Yes","❌ Disc",IF(AQ116="No","⚠ Missing",IF(AT116="Yes","✓ OK","⚠ Check"))))
A117: 121 | B117: BD-LAM-2024-0100 | C117: LAM SL GW 1mm 2728 Calabo Walnut(Gold) | D117: Stylam | E117: 46125 | F117: Sunil CR | G117: Yes | H117: No | I117: Good finish | J117: Yes | L117: No | M117: =IF(E117="","",IF(H117="Yes","❌ Disc",IF(G117="No","⚠ Missing",IF(J117="Yes","✓ OK","⚠ Check")))) -> ✓ OK | N117: 46193 | O117: Sunil CR | P117: Yes | Q117: No | R117: Good finish | S117: Yes | U117: No | V117: =IF(N117="","",IF(Q117="Yes","❌ Disc",IF(P117="No","⚠ Missing",IF(S117="Yes","✓ OK","⚠ Check")))) -> ✓ OK | W117: 46248 | X117: Sunil CR | Y117: Yes | Z117: No | AA117: Good finish | AB117: Yes | AD117: No | AE117: =IF(W117="","",IF(Z117="Yes","❌ Disc",IF(Y117="No","⚠ Missing",IF(AB117="Yes","✓ OK","⚠ Check")))) -> ✓ OK | AF117: 18-09-2026 | AG117: Sunil CR | AH117: No | AI117: Yes | AJ117: Discontinued | AK117: No | AM117: No | AN117: =IF(AF117="","",IF(AI117="Yes","❌ Disc",IF(AH117="No","⚠ Missing",IF(AK117="Yes","✓ OK","⚠ Check")))) -> ❌ Disc | AW117: =IF(AO117="","",IF(AR117="Yes","❌ Disc",IF(AQ117="No","⚠ Missing",IF(AT117="Yes","✓ OK","⚠ Check"))))
A118: 122 | B118: BD-LAM-2023-0088 | C118: Lam SL GW 1mm 2901 Amberes Oak(Gold) | D118: Stylam | E118: 46125 | F118: Sunil CR | G118: Yes | H118: No | I118: Good finish | J118: Yes | K118: Available in small book | L118: No | M118: =IF(E118="","",IF(H118="Yes","❌ Disc",IF(G118="No","⚠ Missing",IF(J118="Yes","✓ OK","⚠ Check")))) -> ✓ OK | N118: 46193 | O118: Sunil CR | P118: Yes | Q118: No | R118: Good finish | S118: Yes | T118: Available in small book | U118: No | V118: =IF(N118="","",IF(Q118="Yes","❌ Disc",IF(P118="No","⚠ Missing",IF(S118="Yes","✓ OK","⚠ Check")))) -> ✓ OK | W118: 46248 | X118: Sunil CR | Y118: No | Z118: Yes | AA118: Discontinued | AB118: No | AC118: Available in small book | AD118: No | AE118: =IF(W118="","",IF(Z118="Yes","❌ Disc",IF(Y118="No","⚠ Missing",IF(AB118="Yes","✓ OK","⚠ Check")))) -> ❌ Disc | AF118: 18-09-2026 | AG118: Sunil CR | AH118: No | AI118: Yes | AJ118: Discontinued | AK118: No | AM118: No | AN118: =IF(AF118="","",IF(AI118="Yes","❌ Disc",IF(AH118="No","⚠ Missing",IF(AK118="Yes","✓ OK","⚠ Check")))) -> ❌ Disc | AW118: =IF(AO118="","",IF(AR118="Yes","❌ Disc",IF(AQ118="No","⚠ Missing",IF(AT118="Yes","✓ OK","⚠ Check"))))
A119: 123 | B119: BD-LAM-2023-0118 | C119: Lam SL GW 1mm 7655 Brown Tokaj(Gold) | D119: Stylam | E119: 46125 | F119: Sunil CR | G119: Yes | H119: No | I119: Good finish | J119: Yes | K119: Available in small book | L119: No | M119: =IF(E119="","",IF(H119="Yes","❌ Disc",IF(G119="No","⚠ Missing",IF(J119="Yes","✓ OK","⚠ Check")))) -> ✓ OK | N119: 46193 | O119: Sunil CR | P119: Yes | Q119: No | R119: Good finish | S119: Yes | T119: Available in small book | U119: No | V119: =IF(N119="","",IF(Q119="Yes","❌ Disc",IF(P119="No","⚠ Missing",IF(S119="Yes","✓ OK","⚠ Check")))) -> ✓ OK | W119: 46248 | X119: Sunil CR | Y119: No | Z119: Yes | AA119: Discontinued | AB119: No | AC119: Available in small book | AD119: No | AE119: =IF(W119="","",IF(Z119="Yes","❌ Disc",IF(Y119="No","⚠ Missing",IF(AB119="Yes","✓ OK","⚠ Check")))) -> ❌ Disc | AF119: 18-09-2026 | AG119: Sunil CR | AH119: No | AI119: Yes | AJ119: Discontinued | AK119: No | AM119: No | AN119: =IF(AF119="","",IF(AI119="Yes","❌ Disc",IF(AH119="No","⚠ Missing",IF(AK119="Yes","✓ OK","⚠ Check")))) -> ❌ Disc | AW119: =IF(AO119="","",IF(AR119="Yes","❌ Disc",IF(AQ119="No","⚠ Missing",IF(AT119="Yes","✓ OK","⚠ Check"))))
A120: 124 | B120: BD-LAM-2024-0099 | C120: LAM SL HC 1mm 2605 Horz Grey(Gold) | D120: Stylam | E120: 46125 | F120: Sunil CR | G120: Yes | H120: No | I120: Minor defect | J120: No | K120: Categorization sticker is missing | L120: Yes | M120: =IF(E120="","",IF(H120="Yes","❌ Disc",IF(G120="No","⚠ Missing",IF(J120="Yes","✓ OK","⚠ Check")))) -> ⚠ Check | N120: 46193 | O120: Sunil CR | P120: Yes | Q120: No | R120: Minor defect | S120: No | T120: Categorization sticker is missing | U120: Yes | V120: =IF(N120="","",IF(Q120="Yes","❌ Disc",IF(P120="No","⚠ Missing",IF(S120="Yes","✓ OK","⚠ Check")))) -> ⚠ Check | W120: 46248 | X120: Sunil CR | Y120: Yes | Z120: No | AA120: Minor defect | AB120: No | AC120: Categorization sticker is missing | AD120: Yes | AE120: =IF(W120="","",IF(Z120="Yes","❌ Disc",IF(Y120="No","⚠ Missing",IF(AB120="Yes","✓ OK","⚠ Check")))) -> ⚠ Check | AF120: 18-09-2026 | AG120: Sunil CR | AH120: Yes | AI120: Yes | AJ120: Good finish | AK120: Yes | AM120: No | AN120: =IF(AF120="","",IF(AI120="Yes","❌ Disc",IF(AH120="No","⚠ Missing",IF(AK120="Yes","✓ OK","⚠ Check")))) -> ❌ Disc | AW120: =IF(AO120="","",IF(AR120="Yes","❌ Disc",IF(AQ120="No","⚠ Missing",IF(AT120="Yes","✓ OK","⚠ Check"))))
A121: 125 | B121: BD-LAM-2023-0143 | C121: Lam SL HG 1mm 1005 Creamy White(Gold) | D121: Stylam | E121: 46125 | F121: Sunil CR | G121: Yes | H121: No | I121: Minor defect | J121: No | K121: Sticker is missing | L121: Yes | M121: =IF(E121="","",IF(H121="Yes","❌ Disc",IF(G121="No","⚠ Missing",IF(J121="Yes","✓ OK","⚠ Check")))) -> ⚠ Check | N121: 46193 | O121: Sunil CR | P121: Yes | Q121: No | R121: Minor defect | S121: No | T121: Sticker is missing | U121: Yes | V121: =IF(N121="","",IF(Q121="Yes","❌ Disc",IF(P121="No","⚠ Missing",IF(S121="Yes","✓ OK","⚠ Check")))) -> ⚠ Check | W121: 46248 | X121: Sunil CR | Y121: Yes | Z121: No | AA121: Good finish | AB121: Yes | AD121: Yes | AE121: =IF(W121="","",IF(Z121="Yes","❌ Disc",IF(Y121="No","⚠ Missing",IF(AB121="Yes","✓ OK","⚠ Check")))) -> ✓ OK | AF121: 18-09-2026 | AG121: Sunil CR | AH121: Yes | AI121: No | AJ121: Good finish | AK121: Yes | AM121: No | AN121: =IF(AF121="","",IF(AI121="Yes","❌ Disc",IF(AH121="No","⚠ Missing",IF(AK121="Yes","✓ OK","⚠ Check")))) -> ✓ OK | AW121: =IF(AO121="","",IF(AR121="Yes","❌ Disc",IF(AQ121="No","⚠ Missing",IF(AT121="Yes","✓ OK","⚠ Check"))))
A122: 126 | B122: BD-LAM-2024-0058 | C122: Lam SL HG 1mm 1018 Cherry Brown(Gold) | D122: Stylam | E122: 46125 | F122: Sunil CR | G122: Yes | H122: No | I122: Good finish | J122: Yes | L122: No | M122: =IF(E122="","",IF(H122="Yes","❌ Disc",IF(G122="No","⚠ Missing",IF(J122="Yes","✓ OK","⚠ Check")))) -> ✓ OK | N122: 46193 | O122: Sunil CR | P122: Yes | Q122: No | R122: Good finish | S122: Yes | U122: No | V122: =IF(N122="","",IF(Q122="Yes","❌ Disc",IF(P122="No","⚠ Missing",IF(S122="Yes","✓ OK","⚠ Check")))) -> ✓ OK | W122: 46248 | X122: Sunil CR | Y122: Yes | Z122: No | AA122: Good finish | AB122: Yes | AD122: No | AE122: =IF(W122="","",IF(Z122="Yes","❌ Disc",IF(Y122="No","⚠ Missing",IF(AB122="Yes","✓ OK","⚠ Check")))) -> ✓ OK | AF122: 18-09-2026 | AG122: Sunil CR | AH122: Yes | AI122: No | AJ122: Good finish | AK122: Yes | AM122: No | AN122: =IF(AF122="","",IF(AI122="Yes","❌ Disc",IF(AH122="No","⚠ Missing",IF(AK122="Yes","✓ OK","⚠ Check")))) -> ✓ OK | AW122: =IF(AO122="","",IF(AR122="Yes","❌ Disc",IF(AQ122="No","⚠ Missing",IF(AT122="Yes","✓ OK","⚠ Check"))))
A123: 127 | B123: BD-LAM-2024-0046 | C123: Lam SL HG 1mm 1408 Grey Aluminium(Gold) | D123: Stylam | E123: 46125 | F123: Sunil CR | G123: Yes | H123: No | I123: Good finish | J123: Yes | L123: No | M123: =IF(E123="","",IF(H123="Yes","❌ Disc",IF(G123="No","⚠ Missing",IF(J123="Yes","✓ OK","⚠ Check")))) -> ✓ OK | N123: 46193 | O123: Sunil CR | P123: Yes | Q123: No | R123: Good finish | S123: Yes | U123: No | V123: =IF(N123="","",IF(Q123="Yes","❌ Disc",IF(P123="No","⚠ Missing",IF(S123="Yes","✓ OK","⚠ Check")))) -> ✓ OK | W123: 46248 | X123: Sunil CR | Y123: Yes | Z123: No | AA123: Good finish | AB123: Yes | AD123: No | AE123: =IF(W123="","",IF(Z123="Yes","❌ Disc",IF(Y123="No","⚠ Missing",IF(AB123="Yes","✓ OK","⚠ Check")))) -> ✓ OK | AF123: 18-09-2026 | AG123: Sunil CR | AH123: Yes | AI123: No | AJ123: Good finish | AK123: Yes | AM123: No | AN123: =IF(AF123="","",IF(AI123="Yes","❌ Disc",IF(AH123="No","⚠ Missing",IF(AK123="Yes","✓ OK","⚠ Check")))) -> ✓ OK | AW123: =IF(AO123="","",IF(AR123="Yes","❌ Disc",IF(AQ123="No","⚠ Missing",IF(AT123="Yes","✓ OK","⚠ Check"))))
A124: 128 | B124: BD-LAM-2024-0047 | C124: Lam SL HG 1mm 1411 Light Aluminium(Gold) | D124: Stylam | E124: 46125 | F124: Sunil CR | G124: Yes | H124: No | I124: Good finish | J124: Yes | L124: No | M124: =IF(E124="","",IF(H124="Yes","❌ Disc",IF(G124="No","⚠ Missing",IF(J124="Yes","✓ OK","⚠ Check")))) -> ✓ OK | N124: 46193 | O124: Sunil CR | P124: Yes | Q124: No | R124: Good finish | S124: Yes | U124: No | V124: =IF(N124="","",IF(Q124="Yes","❌ Disc",IF(P124="No","⚠ Missing",IF(S124="Yes","✓ OK","⚠ Check")))) -> ✓ OK | W124: 46248 | X124: Sunil CR | Y124: Yes | Z124: No | AA124: Good finish | AB124: Yes | AD124: No | AE124: =IF(W124="","",IF(Z124="Yes","❌ Disc",IF(Y124="No","⚠ Missing",IF(AB124="Yes","✓ OK","⚠ Check")))) -> ✓ OK | AF124: 18-09-2026 | AG124: Sunil CR | AH124: Yes | AI124: No | AJ124: Good finish | AK124: Yes | AM124: No | AN124: =IF(AF124="","",IF(AI124="Yes","❌ Disc",IF(AH124="No","⚠ Missing",IF(AK124="Yes","✓ OK","⚠ Check")))) -> ✓ OK | AW124: =IF(AO124="","",IF(AR124="Yes","❌ Disc",IF(AQ124="No","⚠ Missing",IF(AT124="Yes","✓ OK","⚠ Check"))))
A125: 129 | B125: BD-LAM-2023-0102 | C125: Lam SL HG 1mm 142 Black Magic(Gold) | D125: Stylam | E125: 46125 | F125: Sunil CR | G125: Yes | H125: No | I125: Good finish | J125: Yes | K125: Available in small book | L125: No | M125: =IF(E125="","",IF(H125="Yes","❌ Disc",IF(G125="No","⚠ Missing",IF(J125="Yes","✓ OK","⚠ Check")))) -> ✓ OK | N125: 46193 | O125: Sunil CR | P125: Yes | Q125: No | R125: Good finish | S125: Yes | T125: Available in small book | U125: No | V125: =IF(N125="","",IF(Q125="Yes","❌ Disc",IF(P125="No","⚠ Missing",IF(S125="Yes","✓ OK","⚠ Check")))) -> ✓ OK | W125: 46248 | X125: Sunil CR | Y125: Yes | Z125: No | AA125: Good finish | AB125: Yes | AC125: Available in small book | AD125: No | AE125: =IF(W125="","",IF(Z125="Yes","❌ Disc",IF(Y125="No","⚠ Missing",IF(AB125="Yes","✓ OK","⚠ Check")))) -> ✓ OK | AF125: 18-09-2026 | AG125: Sunil CR | AH125: Yes | AI125: No | AJ125: Good finish | AK125: Yes | AL125: Available in small book | AM125: No | AN125: =IF(AF125="","",IF(AI125="Yes","❌ Disc",IF(AH125="No","⚠ Missing",IF(AK125="Yes","✓ OK","⚠ Check")))) -> ✓ OK | AW125: =IF(AO125="","",IF(AR125="Yes","❌ Disc",IF(AQ125="No","⚠ Missing",IF(AT125="Yes","✓ OK","⚠ Check"))))
A126: 130 | B126: BD-LAM-2023-0212 | C126: Lam SL HG 1mm 1445 Natsu(Gold) | D126: Stylam | E126: 46125 | F126: Sunil CR | G126: Yes | H126: No | I126: Good finish | J126: Yes | K126: Available in small book | L126: No | M126: =IF(E126="","",IF(H126="Yes","❌ Disc",IF(G126="No","⚠ Missing",IF(J126="Yes","✓ OK","⚠ Check")))) -> ✓ OK | N126: 46193 | O126: Sunil CR | P126: Yes | Q126: No | R126: Good finish | S126: Yes | T126: Available in small book | U126: No | V126: =IF(N126="","",IF(Q126="Yes","❌ Disc",IF(P126="No","⚠ Missing",IF(S126="Yes","✓ OK","⚠ Check")))) -> ✓ OK | W126: 46248 | X126: Sunil CR | Y126: Yes | Z126: No | AA126: Good finish | AB126: Yes | AC126: Available in small book | AD126: No | AE126: =IF(W126="","",IF(Z126="Yes","❌ Disc",IF(Y126="No","⚠ Missing",IF(AB126="Yes","✓ OK","⚠ Check")))) -> ✓ OK | AF126: 18-09-2026 | AG126: Sunil CR | AH126: Yes | AI126: No | AJ126: Good finish | AK126: Yes | AL126: Available in small book | AM126: No | AN126: =IF(AF126="","",IF(AI126="Yes","❌ Disc",IF(AH126="No","⚠ Missing",IF(AK126="Yes","✓ OK","⚠ Check")))) -> ✓ OK | AW126: =IF(AO126="","",IF(AR126="Yes","❌ Disc",IF(AQ126="No","⚠ Missing",IF(AT126="Yes","✓ OK","⚠ Check"))))
A127: 131 | B127: BD-LAM-2024-0070 | C127: Lam SL HG 1mm 1449 Paladine Marble(Gold) | D127: Stylam | E127: 46125 | F127: Sunil CR | G127: Yes | H127: No | I127: Good finish | J127: Yes | L127: No | M127: =IF(E127="","",IF(H127="Yes","❌ Disc",IF(G127="No","⚠ Missing",IF(J127="Yes","✓ OK","⚠ Check")))) -> ✓ OK | N127: 46193 | O127: Sunil CR | P127: Yes | Q127: No | R127: Good finish | S127: Yes | U127: No | V127: =IF(N127="","",IF(Q127="Yes","❌ Disc",IF(P127="No","⚠ Missing",IF(S127="Yes","✓ OK","⚠ Check")))) -> ✓ OK | W127: 46248 | X127: Sunil CR | Y127: Yes | Z127: No | AA127: Good finish | AB127: Yes | AD127: No | AE127: =IF(W127="","",IF(Z127="Yes","❌ Disc",IF(Y127="No","⚠ Missing",IF(AB127="Yes","✓ OK","⚠ Check")))) -> ✓ OK | AF127: 18-09-2026 | AG127: Sunil CR | AH127: Yes | AI127: No | AJ127: Good finish | AK127: Yes | AM127: No | AN127: =IF(AF127="","",IF(AI127="Yes","❌ Disc",IF(AH127="No","⚠ Missing",IF(AK127="Yes","✓ OK","⚠ Check")))) -> ✓ OK | AW127: =IF(AO127="","",IF(AR127="Yes","❌ Disc",IF(AQ127="No","⚠ Missing",IF(AT127="Yes","✓ OK","⚠ Check"))))
A128: 132 | B128: BD-LAM-2023-0313 | C128: Lam SL HG 1mm 1458 Zebrawood Marbel (Gold) | D128: Stylam | E128: 46125 | F128: Sunil CR | G128: No | H128: No | I128: Not Available | J128: No | L128: Yes | M128: =IF(E128="","",IF(H128="Yes","❌ Disc",IF(G128="No","⚠ Missing",IF(J128="Yes","✓ OK","⚠ Check")))) -> ⚠ Missing | N128: 46193 | O128: Sunil CR | P128: No | Q128: No | R128: Not Available | S128: No | U128: Yes | V128: =IF(N128="","",IF(Q128="Yes","❌ Disc",IF(P128="No","⚠ Missing",IF(S128="Yes","✓ OK","⚠ Check")))) -> ⚠ Missing | W128: 46248 | X128: Sunil CR | Y128: No | Z128: No | AA128: Not Available | AB128: No | AD128: Yes | AE128: =IF(W128="","",IF(Z128="Yes","❌ Disc",IF(Y128="No","⚠ Missing",IF(AB128="Yes","✓ OK","⚠ Check")))) -> ⚠ Missing | AF128: 18-09-2026 | AG128: Sunil CR | AH128: No | AI128: No | AJ128: Not Available | AK128: No | AM128: Yes | AN128: =IF(AF128="","",IF(AI128="Yes","❌ Disc",IF(AH128="No","⚠ Missing",IF(AK128="Yes","✓ OK","⚠ Check")))) -> ⚠ Missing | AW128: =IF(AO128="","",IF(AR128="Yes","❌ Disc",IF(AQ128="No","⚠ Missing",IF(AT128="Yes","✓ OK","⚠ Check"))))
A129: 133 | B129: BD-LAM-2023-0078 | C129: Lam SL HG 1mm 1462 Bianco Carrara Venato(Gold) | D129: Stylam | E129: 46125 | F129: Sunil CR | G129: Yes | H129: No | I129: Good finish | J129: No | K129: Name Sticker to be Changed | L129: Yes | M129: =IF(E129="","",IF(H129="Yes","❌ Disc",IF(G129="No","⚠ Missing",IF(J129="Yes","✓ OK","⚠ Check")))) -> ⚠ Check | N129: 46193 | O129: Sunil CR | P129: Yes | Q129: No | R129: Good finish | S129: No | T129: Name Sticker to be Changed | U129: Yes | V129: =IF(N129="","",IF(Q129="Yes","❌ Disc",IF(P129="No","⚠ Missing",IF(S129="Yes","✓ OK","⚠ Check")))) -> ⚠ Check | W129: 46248 | X129: Sunil CR | Y129: Yes | Z129: No | AA129: Good finish | AB129: Yes | AD129: Yes | AE129: =IF(W129="","",IF(Z129="Yes","❌ Disc",IF(Y129="No","⚠ Missing",IF(AB129="Yes","✓ OK","⚠ Check")))) -> ✓ OK | AF129: 18-09-2026 | AG129: Sunil CR | AH129: Yes | AI129: No | AJ129: Good finish | AK129: Yes | AM129: No | AN129: =IF(AF129="","",IF(AI129="Yes","❌ Disc",IF(AH129="No","⚠ Missing",IF(AK129="Yes","✓ OK","⚠ Check")))) -> ✓ OK | AW129: =IF(AO129="","",IF(AR129="Yes","❌ Disc",IF(AQ129="No","⚠ Missing",IF(AT129="Yes","✓ OK","⚠ Check"))))
A130: 134 | B130: BD-LAM-2023-0146 | C130: Lam SL HG 1mm 1486 Cross Bar(Gold) | D130: Stylam | E130: 46125 | F130: Sunil CR | G130: Yes | H130: No | I130: Good finish | J130: Yes | L130: No | M130: =IF(E130="","",IF(H130="Yes","❌ Disc",IF(G130="No","⚠ Missing",IF(J130="Yes","✓ OK","⚠ Check")))) -> ✓ OK | N130: 46193 | O130: Sunil CR | P130: No | Q130: Yes | R130: Discontinued | S130: No | U130: No | V130: =IF(N130="","",IF(Q130="Yes","❌ Disc",IF(P130="No","⚠ Missing",IF(S130="Yes","✓ OK","⚠ Check")))) -> ❌ Disc | W130: 46248 | X130: Sunil CR | Y130: No | Z130: Yes | AA130: Discontinued | AB130: No | AD130: No | AE130: =IF(W130="","",IF(Z130="Yes","❌ Disc",IF(Y130="No","⚠ Missing",IF(AB130="Yes","✓ OK","⚠ Check")))) -> ❌ Disc | AF130: 18-09-2026 | AG130: Sunil CR | AH130: No | AI130: Yes | AJ130: Discontinued | AK130: No | AM130: No | AN130: =IF(AF130="","",IF(AI130="Yes","❌ Disc",IF(AH130="No","⚠ Missing",IF(AK130="Yes","✓ OK","⚠ Check")))) -> ❌ Disc | AW130: =IF(AO130="","",IF(AR130="Yes","❌ Disc",IF(AQ130="No","⚠ Missing",IF(AT130="Yes","✓ OK","⚠ Check"))))
A131: 135 | B131: BD-LAM-2023-0107 | C131: Lam SL HG 1mm 1508 Black Sandalwood(Gold) | D131: Stylam | E131: 46125 | F131: Sunil CR | G131: Yes | H131: No | I131: Good finish | J131: Yes | L131: No | M131: =IF(E131="","",IF(H131="Yes","❌ Disc",IF(G131="No","⚠ Missing",IF(J131="Yes","✓ OK","⚠ Check")))) -> ✓ OK | N131: 46193 | O131: Sunil CR | P131: No | Q131: Yes | R131: Discontinued | S131: No | U131: No | V131: =IF(N131="","",IF(Q131="Yes","❌ Disc",IF(P131="No","⚠ Missing",IF(S131="Yes","✓ OK","⚠ Check")))) -> ❌ Disc | W131: 46248 | X131: Sunil CR | Y131: No | Z131: Yes | AA131: Discontinued | AB131: No | AD131: No | AE131: =IF(W131="","",IF(Z131="Yes","❌ Disc",IF(Y131="No","⚠ Missing",IF(AB131="Yes","✓ OK","⚠ Check")))) -> ❌ Disc | AF131: 18-09-2026 | AG131: Sunil CR | AH131: No | AI131: Yes | AJ131: Discontinued | AK131: No | AM131: No | AN131: =IF(AF131="","",IF(AI131="Yes","❌ Disc",IF(AH131="No","⚠ Missing",IF(AK131="Yes","✓ OK","⚠ Check")))) -> ❌ Disc | AW131: =IF(AO131="","",IF(AR131="Yes","❌ Disc",IF(AQ131="No","⚠ Missing",IF(AT131="Yes","✓ OK","⚠ Check"))))
A132: 136 | B132: BD-LAM-2023-0286 | C132: Lam SL HG 1mm 1588 Tussock Beige(Gold) | D132: Stylam | E132: 46125 | F132: Sunil CR | G132: Yes | H132: No | I132: Good finish | J132: Yes | K132: Available in small book | L132: No | M132: =IF(E132="","",IF(H132="Yes","❌ Disc",IF(G132="No","⚠ Missing",IF(J132="Yes","✓ OK","⚠ Check")))) -> ✓ OK | N132: 46193 | O132: Sunil CR | P132: Yes | Q132: No | R132: Good finish | S132: Yes | T132: Available in small book | U132: No | V132: =IF(N132="","",IF(Q132="Yes","❌ Disc",IF(P132="No","⚠ Missing",IF(S132="Yes","✓ OK","⚠ Check")))) -> ✓ OK | W132: 46248 | X132: Sunil CR | Y132: Yes | Z132: No | AA132: Good finish | AB132: Yes | AC132: Available in small book | AD132: No | AE132: =IF(W132="","",IF(Z132="Yes","❌ Disc",IF(Y132="No","⚠ Missing",IF(AB132="Yes","✓ OK","⚠ Check")))) -> ✓ OK | AF132: 18-09-2026 | AG132: Sunil CR | AH132: Yes | AI132: No | AJ132: Good finish | AK132: Yes | AL132: Available in small book | AM132: No | AN132: =IF(AF132="","",IF(AI132="Yes","❌ Disc",IF(AH132="No","⚠ Missing",IF(AK132="Yes","✓ OK","⚠ Check")))) -> ✓ OK | AW132: =IF(AO132="","",IF(AR132="Yes","❌ Disc",IF(AQ132="No","⚠ Missing",IF(AT132="Yes","✓ OK","⚠ Check"))))
A133: 137 | B133: BD-LAM-2023-0240 | C133: Lam SL HG 1mm 1589 Pearl Metallic(Gold) | D133: Stylam | E133: 46125 | F133: Sunil CR | G133: Yes | H133: No | I133: Minor defect | J133: No | K133: Name Sticker to be Changed | L133: Yes | M133: =IF(E133="","",IF(H133="Yes","❌ Disc",IF(G133="No","⚠ Missing",IF(J133="Yes","✓ OK","⚠ Check")))) -> ⚠ Check | N133: 46193 | O133: Sunil CR | P133: Yes | Q133: No | R133: Minor defect | S133: No | T133: Name Sticker to be Changed | U133: Yes | V133: =IF(N133="","",IF(Q133="Yes","❌ Disc",IF(P133="No","⚠ Missing",IF(S133="Yes","✓ OK","⚠ Check")))) -> ⚠ Check | W133: 46248 | X133: Sunil CR | Y133: Yes | Z133: No | AA133: Good finish | AB133: Yes | AD133: Yes | AE133: =IF(W133="","",IF(Z133="Yes","❌ Disc",IF(Y133="No","⚠ Missing",IF(AB133="Yes","✓ OK","⚠ Check")))) -> ✓ OK | AF133: 18-09-2026 | AG133: Sunil CR | AH133: Yes | AI133: No | AJ133: Good finish | AK133: Yes | AM133: No | AN133: =IF(AF133="","",IF(AI133="Yes","❌ Disc",IF(AH133="No","⚠ Missing",IF(AK133="Yes","✓ OK","⚠ Check")))) -> ✓ OK | AW133: =IF(AO133="","",IF(AR133="Yes","❌ Disc",IF(AQ133="No","⚠ Missing",IF(AT133="Yes","✓ OK","⚠ Check"))))
A134: 138 | B134: BD-LAM-2023-0308 | C134: Lam SL HG 1mm 1590 Wickham Grey(Gold) | D134: Stylam | E134: 46125 | F134: Sunil CR | G134: Yes | H134: No | I134: Good finish | J134: Yes | L134: No | M134: =IF(E134="","",IF(H134="Yes","❌ Disc",IF(G134="No","⚠ Missing",IF(J134="Yes","✓ OK","⚠ Check")))) -> ✓ OK | N134: 46193 | O134: Sunil CR | P134: Yes | Q134: No | R134: Good finish | S134: Yes | U134: No | V134: =IF(N134="","",IF(Q134="Yes","❌ Disc",IF(P134="No","⚠ Missing",IF(S134="Yes","✓ OK","⚠ Check")))) -> ✓ OK | W134: 46248 | X134: Sunil CR | Y134: Yes | Z134: No | AA134: Good finish | AB134: Yes | AD134: No | AE134: =IF(W134="","",IF(Z134="Yes","❌ Disc",IF(Y134="No","⚠ Missing",IF(AB134="Yes","✓ OK","⚠ Check")))) -> ✓ OK | AF134: 18-09-2026 | AG134: Sunil CR | AH134: Yes | AI134: No | AJ134: Good finish | AK134: Yes | AM134: No | AN134: =IF(AF134="","",IF(AI134="Yes","❌ Disc",IF(AH134="No","⚠ Missing",IF(AK134="Yes","✓ OK","⚠ Check")))) -> ✓ OK | AW134: =IF(AO134="","",IF(AR134="Yes","❌ Disc",IF(AQ134="No","⚠ Missing",IF(AT134="Yes","✓ OK","⚠ Check"))))
A135: 139 | B135: BD-LAM-2023-0116 | C135: Lam SL HG 1mm 1591 Bronce Metallic(Gold) | D135: Stylam | E135: 46125 | F135: Sunil CR | G135: Yes | H135: No | I135: Good finish | J135: Yes | K135: Available in small book | L135: No | M135: =IF(E135="","",IF(H135="Yes","❌ Disc",IF(G135="No","⚠ Missing",IF(J135="Yes","✓ OK","⚠ Check")))) -> ✓ OK | N135: 46193 | O135: Sunil CR | P135: Yes | Q135: No | R135: Good finish | S135: Yes | T135: Available in small book | U135: No | V135: =IF(N135="","",IF(Q135="Yes","❌ Disc",IF(P135="No","⚠ Missing",IF(S135="Yes","✓ OK","⚠ Check")))) -> ✓ OK | W135: 46248 | X135: Sunil CR | Y135: Yes | Z135: No | AA135: Good finish | AB135: Yes | AC135: Available in small book | AD135: No | AE135: =IF(W135="","",IF(Z135="Yes","❌ Disc",IF(Y135="No","⚠ Missing",IF(AB135="Yes","✓ OK","⚠ Check")))) -> ✓ OK | AF135: 18-09-2026 | AG135: Sunil CR | AH135: Yes | AI135: No | AJ135: Good finish | AK135: Yes | AL135: Available in small book | AM135: No | AN135: =IF(AF135="","",IF(AI135="Yes","❌ Disc",IF(AH135="No","⚠ Missing",IF(AK135="Yes","✓ OK","⚠ Check")))) -> ✓ OK | AW135: =IF(AO135="","",IF(AR135="Yes","❌ Disc",IF(AQ135="No","⚠ Missing",IF(AT135="Yes","✓ OK","⚠ Check"))))
A136: 140 | B136: BD-LAM-2023-0296 | C136: Lam SL HG 1mm 1611 Vogue Light Chips(Gold) | D136: Stylam | E136: 46125 | F136: Sunil CR | G136: Yes | H136: No | I136: Good finish | J136: Yes | K136: Available in small book | L136: No | M136: =IF(E136="","",IF(H136="Yes","❌ Disc",IF(G136="No","⚠ Missing",IF(J136="Yes","✓ OK","⚠ Check")))) -> ✓ OK | N136: 46193 | O136: Sunil CR | P136: No | Q136: Yes | R136: Discontinued | S136: No | U136: No | V136: =IF(N136="","",IF(Q136="Yes","❌ Disc",IF(P136="No","⚠ Missing",IF(S136="Yes","✓ OK","⚠ Check")))) -> ❌ Disc | W136: 46248 | X136: Sunil CR | Y136: No | Z136: Yes | AA136: Discontinued | AB136: No | AD136: No | AE136: =IF(W136="","",IF(Z136="Yes","❌ Disc",IF(Y136="No","⚠ Missing",IF(AB136="Yes","✓ OK","⚠ Check")))) -> ❌ Disc | AF136: 18-09-2026 | AG136: Sunil CR | AH136: No | AI136: Yes | AJ136: Discontinued | AK136: No | AM136: No | AN136: =IF(AF136="","",IF(AI136="Yes","❌ Disc",IF(AH136="No","⚠ Missing",IF(AK136="Yes","✓ OK","⚠ Check")))) -> ❌ Disc | AW136: =IF(AO136="","",IF(AR136="Yes","❌ Disc",IF(AQ136="No","⚠ Missing",IF(AT136="Yes","✓ OK","⚠ Check"))))
A137: 141 | B137: BD-LAM-2023-0092 | C137: Lam SL HG 1mm 1614 Ascona White(Gold) | D137: Stylam | E137: 46125 | F137: Sunil CR | G137: Yes | H137: No | I137: Good finish | J137: Yes | L137: No | M137: =IF(E137="","",IF(H137="Yes","❌ Disc",IF(G137="No","⚠ Missing",IF(J137="Yes","✓ OK","⚠ Check")))) -> ✓ OK | N137: 46193 | O137: Sunil CR | P137: No | Q137: Yes | R137: Discontinued | S137: No | U137: No | V137: =IF(N137="","",IF(Q137="Yes","❌ Disc",IF(P137="No","⚠ Missing",IF(S137="Yes","✓ OK","⚠ Check")))) -> ❌ Disc | W137: 46248 | X137: Sunil CR | Y137: No | Z137: Yes | AA137: Discontinued | AB137: No | AD137: No | AE137: =IF(W137="","",IF(Z137="Yes","❌ Disc",IF(Y137="No","⚠ Missing",IF(AB137="Yes","✓ OK","⚠ Check")))) -> ❌ Disc | AF137: 18-09-2026 | AG137: Sunil CR | AH137: No | AI137: Yes | AJ137: Discontinued | AK137: No | AM137: No | AN137: =IF(AF137="","",IF(AI137="Yes","❌ Disc",IF(AH137="No","⚠ Missing",IF(AK137="Yes","✓ OK","⚠ Check")))) -> ❌ Disc | AW137: =IF(AO137="","",IF(AR137="Yes","❌ Disc",IF(AQ137="No","⚠ Missing",IF(AT137="Yes","✓ OK","⚠ Check"))))
...

Sheet Acrylic n Crystal Acrylic
A1: 📋 HRBR EC — ACRYLIC N CRYSTAL ACRYLIC | Multi-Round Audit Tracker
A2: ➤ Fill AUDIT DATE & AUDITOR first in each block | Yellow = Comments | Status auto-updates | Next audit → use next block
E3: AUDIT 1 | N3: AUDIT 2 | W3: AUDIT 3 | AF3: AUDIT 4 | AO3: AUDIT 5
A4: # | B4: ERP Code | C4: Material / Studio Name | D4: Brand | E4: Audit Date | F4: Auditor | G4: Sample in EC? | H4: Discontinued by Vendor? | I4: Visual Condition | J4: Conformance (Yes/No) | K4: COMMENTS / REMARKS | L4: Follow-Up Action | M4: Status | N4: Audit Date | O4: Auditor | P4: Sample in EC? | Q4: Discontinued by Vendor? | R4: Visual Condition | S4: Conformance (Yes/No) | T4: COMMENTS / REMARKS | U4: Follow-Up Action | V4: Status | W4: Audit Date | X4: Auditor | Y4: Sample in EC? | Z4: Discontinued by Vendor? | AA4: Visual Condition | AB4: Conformance (Yes/No) | AC4: COMMENTS / REMARKS | AD4: Follow-Up Action | AE4: Status | AF4: Audit Date | AG4: Auditor | AH4: Sample in EC? | AI4: Discontinued by Vendor? | AJ4: Visual Condition | AK4: Conformance (Yes/No) | AL4: COMMENTS / REMARKS | AM4: Follow-Up Action | AN4: Status | AO4: Audit Date | AP4: Auditor | AQ4: Sample in EC? | AR4: Discontinued by Vendor? | AS4: Visual Condition | AT4: Conformance (Yes/No) | AU4: COMMENTS / REMARKS | AV4: Follow-Up Action | AW4: Status
A5: 1 | B5: BD-ACR-2025-0020 | C5: Rehau - Acrylic - Biscotti Gloss - 5008P | D5: Rehau | E5: 46125 | F5: Sunil CR | G5: Yes | H5: No | I5: Good finish | J5: Yes | L5: No | M5: =IF(E5="","",IF(H5="Yes","❌ Disc",IF(G5="No","⚠ Missing",IF(J5="Yes","✓ OK","⚠ Check")))) -> ✓ OK | N5: 46193 | O5: Sunil CR | P5: Yes | Q5: No | R5: Good finish | S5: Yes | U5: No | V5: =IF(N5="","",IF(Q5="Yes","❌ Disc",IF(P5="No","⚠ Missing",IF(S5="Yes","✓ OK","⚠ Check")))) -> ✓ OK | W5: 46248 | X5: Sunil CR | Y5: Yes | Z5: No | AA5: Good finish | AB5: Yes | AD5: No | AE5: =IF(W5="","",IF(Z5="Yes","❌ Disc",IF(Y5="No","⚠ Missing",IF(AB5="Yes","✓ OK","⚠ Check")))) -> ✓ OK | AF5: 18-09-2026 | AG5: Sunil CR | AH5: Yes | AI5: No | AJ5: Good finish | AK5: Yes | AM5: No | AN5: =IF(AF5="","",IF(AI5="Yes","❌ Disc",IF(AH5="No","⚠ Missing",IF(AK5="Yes","✓ OK","⚠ Check")))) -> ✓ OK | AW5: =IF(AO5="","",IF(AR5="Yes","❌ Disc",IF(AQ5="No","⚠ Missing",IF(AT5="Yes","✓ OK","⚠ Check"))))
A6: 2 | B6: BD-ACR-2025-0010 | C6: Rehau - Acrylic - Blue Spirulina Gloss - 5015P | D6: Rehau | E6: 46125 | F6: Sunil CR | G6: Yes | H6: No | I6: Good finish | J6: Yes | L6: No | M6: =IF(E6="","",IF(H6="Yes","❌ Disc",IF(G6="No","⚠ Missing",IF(J6="Yes","✓ OK","⚠ Check")))) -> ✓ OK | N6: 46193 | O6: Sunil CR | P6: Yes | Q6: No | R6: Good finish | S6: Yes | U6: No | V6: =IF(N6="","",IF(Q6="Yes","❌ Disc",IF(P6="No","⚠ Missing",IF(S6="Yes","✓ OK","⚠ Check")))) -> ✓ OK | W6: 46248 | X6: Sunil CR | Y6: Yes | Z6: No | AA6: Good finish | AB6: Yes | AD6: No | AE6: =IF(W6="","",IF(Z6="Yes","❌ Disc",IF(Y6="No","⚠ Missing",IF(AB6="Yes","✓ OK","⚠ Check")))) -> ✓ OK | AF6: 18-09-2026 | AG6: Sunil CR | AH6: Yes | AI6: No | AJ6: Good finish | AK6: Yes | AM6: No | AN6: =IF(AF6="","",IF(AI6="Yes","❌ Disc",IF(AH6="No","⚠ Missing",IF(AK6="Yes","✓ OK","⚠ Check")))) -> ✓ OK | AW6: =IF(AO6="","",IF(AR6="Yes","❌ Disc",IF(AQ6="No","⚠ Missing",IF(AT6="Yes","✓ OK","⚠ Check"))))
A7: 3 | B7: BD-ACR-2025-0011 | C7: Rehau - Acrylic - Blue Spirulina Matt - 2015N | D7: Rehau | E7: 46125 | F7: Sunil CR | G7: Yes | H7: No | I7: Good finish | J7: Yes | L7: No | M7: =IF(E7="","",IF(H7="Yes","❌ Disc",IF(G7="No","⚠ Missing",IF(J7="Yes","✓ OK","⚠ Check")))) -> ✓ OK | N7: 46193 | O7: Sunil CR | P7: Yes | Q7: No | R7: Good finish | S7: Yes | U7: No | V7: =IF(N7="","",IF(Q7="Yes","❌ Disc",IF(P7="No","⚠ Missing",IF(S7="Yes","✓ OK","⚠ Check")))) -> ✓ OK | W7: 46248 | X7: Sunil CR | Y7: Yes | Z7: No | AA7: Good finish | AB7: Yes | AD7: No | AE7: =IF(W7="","",IF(Z7="Yes","❌ Disc",IF(Y7="No","⚠ Missing",IF(AB7="Yes","✓ OK","⚠ Check")))) -> ✓ OK | AF7: 18-09-2026 | AG7: Sunil CR | AH7: Yes | AI7: No | AJ7: Good finish | AK7: Yes | AM7: No | AN7: =IF(AF7="","",IF(AI7="Yes","❌ Disc",IF(AH7="No","⚠ Missing",IF(AK7="Yes","✓ OK","⚠ Check")))) -> ✓ OK | AW7: =IF(AO7="","",IF(AR7="Yes","❌ Disc",IF(AQ7="No","⚠ Missing",IF(AT7="Yes","✓ OK","⚠ Check"))))
A8: 4 | B8: BD-ACR-2025-0016 | C8: Rehau - Acrylic - Creme Gloss - 5002P | D8: Rehau | E8: 46125 | F8: Sunil CR | G8: Yes | H8: No | I8: Good finish | J8: Yes | L8: No | M8: =IF(E8="","",IF(H8="Yes","❌ Disc",IF(G8="No","⚠ Missing",IF(J8="Yes","✓ OK","⚠ Check")))) -> ✓ OK | N8: 46193 | O8: Sunil CR | P8: Yes | Q8: No | R8: Good finish | S8: Yes | U8: No | V8: =IF(N8="","",IF(Q8="Yes","❌ Disc",IF(P8="No","⚠ Missing",IF(S8="Yes","✓ OK","⚠ Check")))) -> ✓ OK | W8: 46248 | X8: Sunil CR | Y8: Yes | Z8: No | AA8: Good finish | AB8: Yes | AD8: No | AE8: =IF(W8="","",IF(Z8="Yes","❌ Disc",IF(Y8="No","⚠ Missing",IF(AB8="Yes","✓ OK","⚠ Check")))) -> ✓ OK | AF8: 18-09-2026 | AG8: Sunil CR | AH8: Yes | AI8: No | AJ8: Good finish | AK8: Yes | AM8: No | AN8: =IF(AF8="","",IF(AI8="Yes","❌ Disc",IF(AH8="No","⚠ Missing",IF(AK8="Yes","✓ OK","⚠ Check")))) -> ✓ OK | AW8: =IF(AO8="","",IF(AR8="Yes","❌ Disc",IF(AQ8="No","⚠ Missing",IF(AT8="Yes","✓ OK","⚠ Check"))))
A9: 5 | B9: BD-ACR-2025-0017 | C9: Rehau - Acrylic - Creme Matt - 2002N | D9: Rehau | E9: 46125 | F9: Sunil CR | G9: Yes | H9: No | I9: Good finish | J9: Yes | L9: No | M9: =IF(E9="","",IF(H9="Yes","❌ Disc",IF(G9="No","⚠ Missing",IF(J9="Yes","✓ OK","⚠ Check")))) -> ✓ OK | N9: 46193 | O9: Sunil CR | P9: Yes | Q9: No | R9: Good finish | S9: Yes | U9: No | V9: =IF(N9="","",IF(Q9="Yes","❌ Disc",IF(P9="No","⚠ Missing",IF(S9="Yes","✓ OK","⚠ Check")))) -> ✓ OK | W9: 46248 | X9: Sunil CR | Y9: Yes | Z9: No | AA9: Good finish | AB9: Yes | AD9: No | AE9: =IF(W9="","",IF(Z9="Yes","❌ Disc",IF(Y9="No","⚠ Missing",IF(AB9="Yes","✓ OK","⚠ Check")))) -> ✓ OK | AF9: 18-09-2026 | AG9: Sunil CR | AH9: Yes | AI9: No | AJ9: Good finish | AK9: Yes | AM9: No | AN9: =IF(AF9="","",IF(AI9="Yes","❌ Disc",IF(AH9="No","⚠ Missing",IF(AK9="Yes","✓ OK","⚠ Check")))) -> ✓ OK | AW9: =IF(AO9="","",IF(AR9="Yes","❌ Disc",IF(AQ9="No","⚠ Missing",IF(AT9="Yes","✓ OK","⚠ Check"))))
A10: 6 | B10: BD-ACR-2025-0027 | C10: Rehau - Acrylic - Earl Grey Gloss - 5006P | D10: Rehau | E10: 46125 | F10: Sunil CR | G10: Yes | H10: No | I10: Good finish | J10: Yes | L10: No | M10: =IF(E10="","",IF(H10="Yes","❌ Disc",IF(G10="No","⚠ Missing",IF(J10="Yes","✓ OK","⚠ Check")))) -> ✓ OK | N10: 46193 | O10: Sunil CR | P10: Yes | Q10: No | R10: Good finish | S10: Yes | U10: No | V10: =IF(N10="","",IF(Q10="Yes","❌ Disc",IF(P10="No","⚠ Missing",IF(S10="Yes","✓ OK","⚠ Check")))) -> ✓ OK | W10: 46248 | X10: Sunil CR | Y10: Yes | Z10: No | AA10: Good finish | AB10: Yes | AD10: No | AE10: =IF(W10="","",IF(Z10="Yes","❌ Disc",IF(Y10="No","⚠ Missing",IF(AB10="Yes","✓ OK","⚠ Check")))) -> ✓ OK | AF10: 18-09-2026 | AG10: Sunil CR | AH10: Yes | AI10: No | AJ10: Good finish | AK10: Yes | AM10: No | AN10: =IF(AF10="","",IF(AI10="Yes","❌ Disc",IF(AH10="No","⚠ Missing",IF(AK10="Yes","✓ OK","⚠ Check")))) -> ✓ OK | AW10: =IF(AO10="","",IF(AR10="Yes","❌ Disc",IF(AQ10="No","⚠ Missing",IF(AT10="Yes","✓ OK","⚠ Check"))))
A11: 7 | B11: BD-ACR-2025-0028 | C11: Rehau - Acrylic - Earl Grey Matt - 2006N | D11: Rehau | E11: 46125 | F11: Sunil CR | G11: Yes | H11: No | I11: Good finish | J11: Yes | L11: No | M11: =IF(E11="","",IF(H11="Yes","❌ Disc",IF(G11="No","⚠ Missing",IF(J11="Yes","✓ OK","⚠ Check")))) -> ✓ OK | N11: 46193 | O11: Sunil CR | P11: Yes | Q11: No | R11: Good finish | S11: Yes | U11: No | V11: =IF(N11="","",IF(Q11="Yes","❌ Disc",IF(P11="No","⚠ Missing",IF(S11="Yes","✓ OK","⚠ Check")))) -> ✓ OK | W11: 46248 | X11: Sunil CR | Y11: Yes | Z11: No | AA11: Good finish | AB11: Yes | AD11: No | AE11: =IF(W11="","",IF(Z11="Yes","❌ Disc",IF(Y11="No","⚠ Missing",IF(AB11="Yes","✓ OK","⚠ Check")))) -> ✓ OK | AF11: 18-09-2026 | AG11: Sunil CR | AH11: Yes | AI11: No | AJ11: Good finish | AK11: Yes | AM11: No | AN11: =IF(AF11="","",IF(AI11="Yes","❌ Disc",IF(AH11="No","⚠ Missing",IF(AK11="Yes","✓ OK","⚠ Check")))) -> ✓ OK | AW11: =IF(AO11="","",IF(AR11="Yes","❌ Disc",IF(AQ11="No","⚠ Missing",IF(AT11="Yes","✓ OK","⚠ Check"))))
A12: 8 | B12: BD-ACR-2025-0003 | C12: Rehau - Acrylic - French Vanilla Matt - 2004N | D12: Rehau | E12: 46125 | F12: Sunil CR | G12: Yes | H12: No | I12: Good finish | J12: Yes | L12: No | M12: =IF(E12="","",IF(H12="Yes","❌ Disc",IF(G12="No","⚠ Missing",IF(J12="Yes","✓ OK","⚠ Check")))) -> ✓ OK | N12: 46193 | O12: Sunil CR | P12: Yes | Q12: No | R12: Good finish | S12: Yes | U12: No | V12: =IF(N12="","",IF(Q12="Yes","❌ Disc",IF(P12="No","⚠ Missing",IF(S12="Yes","✓ OK","⚠ Check")))) -> ✓ OK | W12: 46248 | X12: Sunil CR | Y12: Yes | Z12: No | AA12: Good finish | AB12: Yes | AD12: No | AE12: =IF(W12="","",IF(Z12="Yes","❌ Disc",IF(Y12="No","⚠ Missing",IF(AB12="Yes","✓ OK","⚠ Check")))) -> ✓ OK | AF12: 18-09-2026 | AG12: Sunil CR | AH12: Yes | AI12: No | AJ12: Good finish | AK12: Yes | AM12: No | AN12: =IF(AF12="","",IF(AI12="Yes","❌ Disc",IF(AH12="No","⚠ Missing",IF(AK12="Yes","✓ OK","⚠ Check")))) -> ✓ OK | AW12: =IF(AO12="","",IF(AR12="Yes","❌ Disc",IF(AQ12="No","⚠ Missing",IF(AT12="Yes","✓ OK","⚠ Check"))))
A13: 9 | B13: BD-ACR-2025-0012 | C13: Rehau - Acrylic - Gold Dust Gloss - 7003P | D13: Rehau | E13: 46125 | F13: Sunil CR | G13: Yes | H13: No | I13: Good finish | J13: Yes | L13: No | M13: =IF(E13="","",IF(H13="Yes","❌ Disc",IF(G13="No","⚠ Missing",IF(J13="Yes","✓ OK","⚠ Check")))) -> ✓ OK | N13: 46193 | O13: Sunil CR | P13: Yes | Q13: No | R13: Good finish | S13: Yes | U13: No | V13: =IF(N13="","",IF(Q13="Yes","❌ Disc",IF(P13="No","⚠ Missing",IF(S13="Yes","✓ OK","⚠ Check")))) -> ✓ OK | W13: 46248 | X13: Sunil CR | Y13: Yes | Z13: No | AA13: Good finish | AB13: Yes | AD13: No | AE13: =IF(W13="","",IF(Z13="Yes","❌ Disc",IF(Y13="No","⚠ Missing",IF(AB13="Yes","✓ OK","⚠ Check")))) -> ✓ OK | AF13: 18-09-2026 | AG13: Sunil CR | AH13: Yes | AI13: No | AJ13: Good finish | AK13: Yes | AM13: No | AN13: =IF(AF13="","",IF(AI13="Yes","❌ Disc",IF(AH13="No","⚠ Missing",IF(AK13="Yes","✓ OK","⚠ Check")))) -> ✓ OK | AW13: =IF(AO13="","",IF(AR13="Yes","❌ Disc",IF(AQ13="No","⚠ Missing",IF(AT13="Yes","✓ OK","⚠ Check"))))
A14: 10 | B14: BD-ACR-2025-0008 | C14: Rehau - Acrylic - Grey Flesh Gloss - 5005P | D14: Rehau | E14: 46125 | F14: Sunil CR | G14: Yes | H14: No | I14: Good finish | J14: Yes | L14: No | M14: =IF(E14="","",IF(H14="Yes","❌ Disc",IF(G14="No","⚠ Missing",IF(J14="Yes","✓ OK","⚠ Check")))) -> ✓ OK | N14: 46193 | O14: Sunil CR | P14: Yes | Q14: No | R14: Good finish | S14: Yes | U14: No | V14: =IF(N14="","",IF(Q14="Yes","❌ Disc",IF(P14="No","⚠ Missing",IF(S14="Yes","✓ OK","⚠ Check")))) -> ✓ OK | W14: 46248 | X14: Sunil CR | Y14: Yes | Z14: No | AA14: Good finish | AB14: Yes | AD14: No | AE14: =IF(W14="","",IF(Z14="Yes","❌ Disc",IF(Y14="No","⚠ Missing",IF(AB14="Yes","✓ OK","⚠ Check")))) -> ✓ OK | AF14: 18-09-2026 | AG14: Sunil CR | AH14: Yes | AI14: No | AJ14: Good finish | AK14: Yes | AM14: No | AN14: =IF(AF14="","",IF(AI14="Yes","❌ Disc",IF(AH14="No","⚠ Missing",IF(AK14="Yes","✓ OK","⚠ Check")))) -> ✓ OK | AW14: =IF(AO14="","",IF(AR14="Yes","❌ Disc",IF(AQ14="No","⚠ Missing",IF(AT14="Yes","✓ OK","⚠ Check"))))
A15: 11 | B15: BD-ACR-2025-0009 | C15: Rehau - Acrylic - Grey Flesh Matt - 2005N | D15: Rehau | E15: 46125 | F15: Sunil CR | G15: Yes | H15: No | I15: Good finish | J15: Yes | L15: No | M15: =IF(E15="","",IF(H15="Yes","❌ Disc",IF(G15="No","⚠ Missing",IF(J15="Yes","✓ OK","⚠ Check")))) -> ✓ OK | N15: 46193 | O15: Sunil CR | P15: Yes | Q15: No | R15: Good finish | S15: Yes | U15: No | V15: =IF(N15="","",IF(Q15="Yes","❌ Disc",IF(P15="No","⚠ Missing",IF(S15="Yes","✓ OK","⚠ Check")))) -> ✓ OK | W15: 46248 | X15: Sunil CR | Y15: Yes | Z15: No | AA15: Good finish | AB15: Yes | AD15: No | AE15: =IF(W15="","",IF(Z15="Yes","❌ Disc",IF(Y15="No","⚠ Missing",IF(AB15="Yes","✓ OK","⚠ Check")))) -> ✓ OK | AF15: 18-09-2026 | AG15: Sunil CR | AH15: Yes | AI15: No | AJ15: Good finish | AK15: Yes | AM15: No | AN15: =IF(AF15="","",IF(AI15="Yes","❌ Disc",IF(AH15="No","⚠ Missing",IF(AK15="Yes","✓ OK","⚠ Check")))) -> ✓ OK | AW15: =IF(AO15="","",IF(AR15="Yes","❌ Disc",IF(AQ15="No","⚠ Missing",IF(AT15="Yes","✓ OK","⚠ Check"))))
A16: 12 | B16: BD-ACR-2025-0001 | C16: Rehau - Acrylic - Marshmallow Gloss - 5001P | D16: Rehau | E16: 46125 | F16: Sunil CR | G16: Yes | H16: No | I16: Good finish | J16: Yes | L16: No | M16: =IF(E16="","",IF(H16="Yes","❌ Disc",IF(G16="No","⚠ Missing",IF(J16="Yes","✓ OK","⚠ Check")))) -> ✓ OK | N16: 46193 | O16: Sunil CR | P16: Yes | Q16: No | R16: Good finish | S16: Yes | U16: No | V16: =IF(N16="","",IF(Q16="Yes","❌ Disc",IF(P16="No","⚠ Missing",IF(S16="Yes","✓ OK","⚠ Check")))) -> ✓ OK | W16: 46248 | X16: Sunil CR | Y16: Yes | Z16: No | AA16: Good finish | AB16: Yes | AD16: No | AE16: =IF(W16="","",IF(Z16="Yes","❌ Disc",IF(Y16="No","⚠ Missing",IF(AB16="Yes","✓ OK","⚠ Check")))) -> ✓ OK | AF16: 18-09-2026 | AG16: Sunil CR | AH16: Yes | AI16: No | AJ16: Good finish | AK16: Yes | AM16: No | AN16: =IF(AF16="","",IF(AI16="Yes","❌ Disc",IF(AH16="No","⚠ Missing",IF(AK16="Yes","✓ OK","⚠ Check")))) -> ✓ OK | AW16: =IF(AO16="","",IF(AR16="Yes","❌ Disc",IF(AQ16="No","⚠ Missing",IF(AT16="Yes","✓ OK","⚠ Check"))))
... A67: 63 | B67: BD-ACR-2023-0039 | C67: Spacewood - Crystal Acrylic Zevic High Gloss | D67: Spacewood | E67: 46125 | F67: Sunil CR | G67: Yes | H67: No | I67: Good finish | J67: Yes | L67: No | M67: =IF(E67="","",IF(H67="Yes","❌ Disc",IF(G67="No","⚠ Missing",IF(J67="Yes","✓ OK","⚠ Check")))) -> ✓ OK | N67: 46193 | O67: Sunil CR | P67: Yes | Q67: No | R67: Good finish | S67: Yes | U67: No | V67: =IF(N67="","",IF(Q67="Yes","❌ Disc",IF(P67="No","⚠ Missing",IF(S67="Yes","✓ OK","⚠ Check")))) -> ✓ OK | W67: 46248 | X67: Sunil CR | Y67: Yes | Z67: No | AA67: Good finish | AB67: Yes | AD67: No | AE67: =IF(W67="","",IF(Z67="Yes","❌ Disc",IF(Y67="No","⚠ Missing",IF(AB67="Yes","✓ OK","⚠ Check")))) -> ✓ OK | AF67: 18-09-2026 | AG67: Sunil CR | AH67: Yes | AI67: No | AJ67: Good finish | AK67: Yes | AM67: No | AN67: =IF(AF67="","",IF(AI67="Yes","❌ Disc",IF(AH67="No","⚠ Missing",IF(AK67="Yes","✓ OK","⚠ Check")))) -> ✓ OK | AW67: =IF(AO67="","",IF(AR67="Yes","❌ Disc",IF(AQ67="No","⚠ Missing",IF(AT67="Yes","✓ OK","⚠ Check"))))

Sheet PU and Membrane
A1: 📋 HRBR EC — PU AND MEMBRANE | Multi-Round Audit Tracker
A2: ➤ Fill AUDIT DATE & AUDITOR first in each block | Yellow = Comments | Status auto-updates | Next audit → use next block
E3: AUDIT 1 | N3: AUDIT 2 | W3: AUDIT 3 | AF3: AUDIT 4 | AO3: AUDIT 5
A4: # | B4: ERP Code | C4: Material / Studio Name | D4: Brand | E4: Audit Date | F4: Auditor | G4: Sample in EC? | H4: Discontinued by Vendor? | I4: Visual Condition | J4: Conformance (Yes/No) | K4: COMMENTS / REMARKS | L4: Follow-Up Action | M4: Status | N4: Audit Date | O4: Auditor | P4: Sample in EC? | Q4: Discontinued by Vendor? | R4: Visual Condition | S4: Conformance (Yes/No) | T4: COMMENTS / REMARKS | U4: Follow-Up Action | V4: Status | W4: Audit Date | X4: Auditor | Y4: Sample in EC? | Z4: Discontinued by Vendor? | AA4: Visual Condition | AB4: Conformance (Yes/No) | AC4: COMMENTS / REMARKS | AD4: Follow-Up Action | AE4: Status | AF4: Audit Date | AG4: Auditor | AH4: Sample in EC? | AI4: Discontinued by Vendor? | AJ4: Visual Condition | AK4: Conformance (Yes/No) | AL4: COMMENTS / REMARKS | AM4: Follow-Up Action | AN4: Status | AO4: Audit Date | AP4: Auditor | AQ4: Sample in EC? | AR4: Discontinued by Vendor? | AS4: Visual Condition | AT4: Conformance (Yes/No) | AU4: COMMENTS / REMARKS | AV4: Follow-Up Action | AW4: Status
A5: 1 | B5: PU 3014 GL | C5: PU - Antique Pink (Gloss) 3014 | D5: DESIGNORX PRIVATE LIMITED | E5: 46126 | F5: Sunil CR | G5: Yes | H5: No | I5: Good finish | J5: Yes | K5: PJ,P1 | L5: No | M5: =IF(E5="","",IF(H5="Yes","❌ Disc",IF(G5="No","⚠ Missing",IF(J5="Yes","✓ OK","⚠ Check")))) -> ✓ OK | N5: 46193 | O5: Sunil CR | P5: Yes | Q5: No | R5: Good finish | S5: Yes | T5: PJ,P1 | U5: No | V5: =IF(N5="","",IF(Q5="Yes","❌ Disc",IF(P5="No","⚠ Missing",IF(S5="Yes","✓ OK","⚠ Check")))) -> ✓ OK | W5: 46248 | X5: Sunil CR | Y5: Yes | Z5: No | AA5: Good finish | AB5: Yes | AC5: PJ,P1 | AD5: No | AE5: =IF(W5="","",IF(Z5="Yes","❌ Disc",IF(Y5="No","⚠ Missing",IF(AB5="Yes","✓ OK","⚠ Check")))) -> ✓ OK | AF5: 18-09-2026 | AG5: Sunil CR | AH5: Yes | AI5: No | AJ5: Good finish | AK5: Yes | AL5: PJ,P1 | AM5: No | AN5: =IF(AF5="","",IF(AI5="Yes","❌ Disc",IF(AH5="No","⚠ Missing",IF(AK5="Yes","✓ OK","⚠ Check")))) -> ✓ OK | AW5: =IF(AO5="","",IF(AR5="Yes","❌ Disc",IF(AQ5="No","⚠ Missing",IF(AT5="Yes","✓ OK","⚠ Check"))))
A6: 2 | B6: PU 3014 MT | C6: PU - Antique Pink (Matte) 3014 | D6: DESIGNORX PRIVATE LIMITED | E6: 46126 | F6: Sunil CR | G6: Represented by Sample | H6: No | I6: Represented by Sample | J6: Yes | L6: No | M6: =IF(E6="","",IF(H6="Yes","❌ Disc",IF(G6="No","⚠ Missing",IF(J6="Yes","✓ OK","⚠ Check")))) -> ✓ OK | N6: 46193 | O6: Sunil CR | P6: Represented by Sample | Q6: No | R6: Represented by Sample | S6: Yes | U6: No | V6: =IF(N6="","",IF(Q6="Yes","❌ Disc",IF(P6="No","⚠ Missing",IF(S6="Yes","✓ OK","⚠ Check")))) -> ✓ OK | W6: 46248 | X6: Sunil CR | Y6: Represented by Sample | Z6: No | AA6: Represented by Sample | AB6: Yes | AD6: No | AE6: =IF(W6="","",IF(Z6="Yes","❌ Disc",IF(Y6="No","⚠ Missing",IF(AB6="Yes","✓ OK","⚠ Check")))) -> ✓ OK | AF6: 18-09-2026 | AG6: Sunil CR | AH6: Represented by Sample | AI6: No | AJ6: Represented by Sample | AK6: Yes | AM6: No | AN6: =IF(AF6="","",IF(AI6="Yes","❌ Disc",IF(AH6="No","⚠ Missing",IF(AK6="Yes","✓ OK","⚠ Check")))) -> ✓ OK | AW6: =IF(AO6="","",IF(AR6="Yes","❌ Disc",IF(AQ6="No","⚠ Missing",IF(AT6="Yes","✓ OK","⚠ Check"))))
A7: 3 | B7: PU 1011 GL | C7: PU - Brown beige (Gloss) 1011 | D7: DESIGNORX PRIVATE LIMITED | E7: 46126 | F7: Sunil CR | G7: No | H7: No | I7: Not Available | J7: No | L7: Yes | M7: =IF(E7="","",IF(H7="Yes","❌ Disc",IF(G7="No","⚠ Missing",IF(J7="Yes","✓ OK","⚠ Check")))) -> ⚠ Missing | N7: 46193 | O7: Sunil CR | P7: No | Q7: No | R7: Not Available | S7: No | U7: Yes | V7: =IF(N7="","",IF(Q7="Yes","❌ Disc",IF(P7="No","⚠ Missing",IF(S7="Yes","✓ OK","⚠ Check")))) -> ⚠ Missing | W7: 46248 | X7: Sunil CR | Y7: No | Z7: No | AA7: Not Available | AB7: No | AD7: Yes | AE7: =IF(W7="","",IF(Z7="Yes","❌ Disc",IF(Y7="No","⚠ Missing",IF(AB7="Yes","✓ OK","⚠ Check")))) -> ⚠ Missing | AF7: 18-09-2026 | AG7: Sunil CR | AH7: No | AI7: No | AJ7: Not Available | AK7: No | AM7: Yes | AN7: =IF(AF7="","",IF(AI7="Yes","❌ Disc",IF(AH7="No","⚠ Missing",IF(AK7="Yes","✓ OK","⚠ Check")))) -> ⚠ Missing | AW7: =IF(AO7="","",IF(AR7="Yes","❌ Disc",IF(AQ7="No","⚠ Missing",IF(AT7="Yes","✓ OK","⚠ Check"))))
A8: 4 | B8: PU 1011 MT | C8: PU - Brown beige (Matte) 1011 | D8: DESIGNORX PRIVATE LIMITED | E8: 46126 | F8: Sunil CR | G8: No | H8: No | I8: Not Available | J8: No | L8: Yes | M8: =IF(E8="","",IF(H8="Yes","❌ Disc",IF(G8="No","⚠ Missing",IF(J8="Yes","✓ OK","⚠ Check")))) -> ⚠ Missing | N8: 46193 | O8: Sunil CR | P8: No | Q8: No | R8: Not Available | S8: No | U8: Yes | V8: =IF(N8="","",IF(Q8="Yes","❌ Disc",IF(P8="No","⚠ Missing",IF(S8="Yes","✓ OK","⚠ Check")))) -> ⚠ Missing | W8: 46248 | X8: Sunil CR | Y8: No | Z8: No | AA8: Not Available | AB8: No | AD8: Yes | AE8: =IF(W8="","",IF(Z8="Yes","❌ Disc",IF(Y8="No","⚠ Missing",IF(AB8="Yes","✓ OK","⚠ Check")))) -> ⚠ Missing | AF8: 18-09-2026 | AG8: Sunil CR | AH8: No | AI8: No | AJ8: Not Available | AK8: No | AM8: Yes | AN8: =IF(AF8="","",IF(AI8="Yes","❌ Disc",IF(AH8="No","⚠ Missing",IF(AK8="Yes","✓ OK","⚠ Check")))) -> ⚠ Missing | AW8: =IF(AO8="","",IF(AR8="Yes","❌ Disc",IF(AQ8="No","⚠ Missing",IF(AT8="Yes","✓ OK","⚠ Check"))))
A9: 5 | B9: PU 1007 GL | C9: PU - Daffodil yellow (Gloss) 1007 | D9: DESIGNORX PRIVATE LIMITED | E9: 46126 | F9: Sunil CR | G9: Represented by Sample | H9: No | I9: Represented by Sample | J9: Yes | L9: No | M9: =IF(E9="","",IF(H9="Yes","❌ Disc",IF(G9="No","⚠ Missing",IF(J9="Yes","✓ OK","⚠ Check")))) -> ✓ OK | N9: 46193 | O9: Sunil CR | P9: Represented by Sample | Q9: No | R9: Represented by Sample | S9: Yes | U9: No | V9: =IF(N9="","",IF(Q9="Yes","❌ Disc",IF(P9="No","⚠ Missing",IF(S9="Yes","✓ OK","⚠ Check")))) -> ✓ OK | W9: 46248 | X9: Sunil CR | Y9: Represented by Sample | Z9: No | AA9: Represented by Sample | AB9: Yes | AD9: No | AE9: =IF(W9="","",IF(Z9="Yes","❌ Disc",IF(Y9="No","⚠ Missing",IF(AB9="Yes","✓ OK","⚠ Check")))) -> ✓ OK | AF9: 18-09-2026 | AG9: Sunil CR | AH9: Represented by Sample | AI9: No | AJ9: Represented by Sample | AK9: Yes | AM9: No | AN9: =IF(AF9="","",IF(AI9="Yes","❌ Disc",IF(AH9="No","⚠ Missing",IF(AK9="Yes","✓ OK","⚠ Check")))) -> ✓ OK | AW9: =IF(AO9="","",IF(AR9="Yes","❌ Disc",IF(AQ9="No","⚠ Missing",IF(AT9="Yes","✓ OK","⚠ Check"))))
A10: 6 | B10: PU 1007 MT | C10: PU - Daffodil yellow (Matte) 1007 | D10: DESIGNORX PRIVATE LIMITED | E10: 46126 | F10: Sunil CR | G10: Yes | H10: No | I10: Good finish | J10: Yes | K10: P3,P2 | L10: No | M10: =IF(E10="","",IF(H10="Yes","❌ Disc",IF(G10="No","⚠ Missing",IF(J10="Yes","✓ OK","⚠ Check")))) -> ✓ OK | N10: 46193 | O10: Sunil CR | P10: Yes | Q10: No | R10: Good finish | S10: Yes | T10: P3,P2 | U10: No | V10: =IF(N10="","",IF(Q10="Yes","❌ Disc",IF(P10="No","⚠ Missing",IF(S10="Yes","✓ OK","⚠ Check")))) -> ✓ OK | W10: 46248 | X10: Sunil CR | Y10: Yes | Z10: No | AA10: Good finish | AB10: Yes | AC10: P3,P2 | AD10: No | AE10: =IF(W10="","",IF(Z10="Yes","❌ Disc",IF(Y10="No","⚠ Missing",IF(AB10="Yes","✓ OK","⚠ Check")))) -> ✓ OK | AF10: 18-09-2026 | AG10: Sunil CR | AH10: Yes | AI10: No | AJ10: Good finish | AK10: Yes | AL10: P3,P2 | AM10: No | AN10: =IF(AF10="","",IF(AI10="Yes","❌ Disc",IF(AH10="No","⚠ Missing",IF(AK10="Yes","✓ OK","⚠ Check")))) -> ✓ OK | AW10: =IF(AO10="","",IF(AR10="Yes","❌ Disc",IF(AQ10="No","⚠ Missing",IF(AT10="Yes","✓ OK","⚠ Check"))))
A11: 7 | B11: PU 5023 GL | C11: PU - Distant Blue (Gloss) 5023 | D11: DESIGNORX PRIVATE LIMITED | E11: 46126 | F11: Sunil CR | G11: Yes | H11: No | I11: Good finish | J11: Yes | K11: P1 | L11: No | M11: =IF(E11="","",IF(H11="Yes","❌ Disc",IF(G11="No","⚠ Missing",IF(J11="Yes","✓ OK","⚠ Check")))) -> ✓ OK | N11: 46193 | O11: Sunil CR | P11: Yes | Q11: No | R11: Good finish | S11: Yes | T11: P1 | U11: No | V11: =IF(N11="","",IF(Q11="Yes","❌ Disc",IF(P11="No","⚠ Missing",IF(S11="Yes","✓ OK","⚠ Check")))) -> ✓ OK | W11: 46248 | X11: Sunil CR | Y11: Yes | Z11: No | AA11: Good finish | AB11: Yes | AC11: P1 | AD11: No | AE11: =IF(W11="","",IF(Z11="Yes","❌ Disc",IF(Y11="No","⚠ Missing",IF(AB11="Yes","✓ OK","⚠ Check")))) -> ✓ OK | AF11: 18-09-2026 | AG11: Sunil CR | AH11: Yes | AI11: No | AJ11: Good finish | AK11: Yes | AL11: P1 | AM11: No | AN11: =IF(AF11="","",IF(AI11="Yes","❌ Disc",IF(AH11="No","⚠ Missing",IF(AK11="Yes","✓ OK","⚠ Check")))) -> ✓ OK | AW11: =IF(AO11="","",IF(AR11="Yes","❌ Disc",IF(AQ11="No","⚠ Missing",IF(AT11="Yes","✓ OK","⚠ Check"))))
A12: 8 | B12: PU 5023 MT | C12: PU - Distant Blue (Matte) 5023 | D12: DESIGNORX PRIVATE LIMITED | E12: 46126 | F12: Sunil CR | G12: Yes | H12: No | I12: Good finish | J12: Yes | K12: P1 | L12: No | M12: =IF(E12="","",IF(H12="Yes","❌ Disc",IF(G12="No","⚠ Missing",IF(J12="Yes","✓ OK","⚠ Check")))) -> ✓ OK | N12: 46193 | O12: Sunil CR | P12: Yes | Q12: No | R12: Good finish | S12: Yes | T12: P1 | U12: No | V12: =IF(N12="","",IF(Q12="Yes","❌ Disc",IF(P12="No","⚠ Missing",IF(S12="Yes","✓ OK","⚠ Check")))) -> ✓ OK | W12: 46248 | X12: Sunil CR | Y12: Yes | Z12: No | AA12: Good finish | AB12: Yes | AC12: P1 | AD12: No | AE12: =IF(W12="","",IF(Z12="Yes","❌ Disc",IF(Y12="No","⚠ Missing",IF(AB12="Yes","✓ OK","⚠ Check")))) -> ✓ OK | AF12: 18-09-2026 | AG12: Sunil CR | AH12: Yes | AI12: No | AJ12: Good finish | AK12: Yes | AL12: P1 | AM12: No | AN12: =IF(AF12="","",IF(AI12="Yes","❌ Disc",IF(AH12="No","⚠ Missing",IF(AK12="Yes","✓ OK","⚠ Check")))) -> ✓ OK | AW12: =IF(AO12="","",IF(AR12="Yes","❌ Disc",IF(AQ12="No","⚠ Missing",IF(AT12="Yes","✓ OK","⚠ Check"))))
A13: 9 | B13: PU 6025 GL | C13: PU - Fern Green (Gloss) 6025 | D13: DESIGNORX PRIVATE LIMITED | E13: 46126 | F13: Sunil CR | G13: Represented by Sample | H13: No | I13: Represented by Sample | J13: Yes | L13: No | M13: =IF(E13="","",IF(H13="Yes","❌ Disc",IF(G13="No","⚠ Missing",IF(J13="Yes","✓ OK","⚠ Check")))) -> ✓ OK | N13: 46193 | O13: Sunil CR | P13: Represented by Sample | Q13: No | R13: Represented by Sample | S13: Yes | U13: No | V13: =IF(N13="","",IF(Q13="Yes","❌ Disc",IF(P13="No","⚠ Missing",IF(S13="Yes","✓ OK","⚠ Check")))) -> ✓ OK | W13: 46248 | X13: Sunil CR | Y13: Represented by Sample | Z13: No | AA13: Represented by Sample | AB13: Yes | AD13: No | AE13: =IF(W13="","",IF(Z13="Yes","❌ Disc",IF(Y13="No","⚠ Missing",IF(AB13="Yes","✓ OK","⚠ Check")))) -> ✓ OK | AF13: 18-09-2026 | AG13: Sunil CR | AH13: Represented by Sample | AI13: No | AJ13: Represented by Sample | AK13: Yes | AM13: No | AN13: =IF(AF13="","",IF(AI13="Yes","❌ Disc",IF(AH13="No","⚠ Missing",IF(AK13="Yes","✓ OK","⚠ Check")))) -> ✓ OK | AW13: =IF(AO13="","",IF(AR13="Yes","❌ Disc",IF(AQ13="No","⚠ Missing",IF(AT13="Yes","✓ OK","⚠ Check"))))
A14: 10 | B14: PU 6025 MT | C14: PU - Fern Green (Matte) 6025 | D14: DESIGNORX PRIVATE LIMITED | E14: 46126 | F14: Sunil CR | G14: Yes | H14: No | I14: Good finish | J14: Yes | K14: P1,P2 | L14: No | M14: =IF(E14="","",IF(H14="Yes","❌ Disc",IF(G14="No","⚠ Missing",IF(J14="Yes","✓ OK","⚠ Check")))) -> ✓ OK | N14: 46193 | O14: Sunil CR | P14: Yes | Q14: No | R14: Good finish | S14: Yes | T14: P1,P2 | U14: No | V14: =IF(N14="","",IF(Q14="Yes","❌ Disc",IF(P14="No","⚠ Missing",IF(S14="Yes","✓ OK","⚠ Check")))) -> ✓ OK | W14: 46248 | X14: Sunil CR | Y14: Yes | Z14: No | AA14: Good finish | AB14: Yes | AC14: P1,P2 | AD14: No | AE14: =IF(W14="","",IF(Z14="Yes","❌ Disc",IF(Y14="No","⚠ Missing",IF(AB14="Yes","✓ OK","⚠ Check")))) -> ✓ OK | AF14: 18-09-2026 | AG14: Sunil CR | AH14: Yes | AI14: No | AJ14: Good finish | AK14: Yes | AL14: P1,P2 | AM14: No | AN14: =IF(AF14="","",IF(AI14="Yes","❌ Disc",IF(AH14="No","⚠ Missing",IF(AK14="Yes","✓ OK","⚠ Check")))) -> ✓ OK | AW14: =IF(AO14="","",IF(AR14="Yes","❌ Disc",IF(AQ14="No","⚠ Missing",IF(AT14="Yes","✓ OK","⚠ Check"))))
A15: 11 | B15: PU 1000 GL | C15: PU - Green beige (Gloss) 1000 | D15: DESIGNORX PRIVATE LIMITED | E15: 46126 | F15: Sunil CR | G15: Yes | H15: No | I15: Good finish | J15: Yes | K15: P1 | L15: No | M15: =IF(E15="","",IF(H15="Yes","❌ Disc",IF(G15="No","⚠ Missing",IF(J15="Yes","✓ OK","⚠ Check")))) -> ✓ OK | N15: 46193 | O15: Sunil CR | P15: Yes | Q15: No | R15: Good finish | S15: Yes | T15: P1 | U15: No | V15: =IF(N15="","",IF(Q15="Yes","❌ Disc",IF(P15="No","⚠ Missing",IF(S15="Yes","✓ OK","⚠ Check")))) -> ✓ OK | W15: 46248 | X15: Sunil CR | Y15: Yes | Z15: No | AA15: Good finish | AB15: Yes | AC15: P1 | AD15: No | AE15: =IF(W15="","",IF(Z15="Yes","❌ Disc",IF(Y15="No","⚠ Missing",IF(AB15="Yes","✓ OK","⚠ Check")))) -> ✓ OK | AF15: 18-09-2026 | AG15: Sunil CR | AH15: Yes | AI15: No | AJ15: Good finish | AK15: Yes | AL15: P1 | AM15: No | AN15: =IF(AF15="","",IF(AI15="Yes","❌ Disc",IF(AH15="No","⚠ Missing",IF(AK15="Yes","✓ OK","⚠ Check")))) -> ✓ OK | AW15: =IF(AO15="","",IF(AR15="Yes","❌ Disc",IF(AQ15="No","⚠ Missing",IF(AT15="Yes","✓ OK","⚠ Check"))))
A16: 12 | B16: PU 1000 MT | C16: PU - Green beige (Matt) 1000 | D16: DESIGNORX PRIVATE LIMITED | E16: 46126 | F16: Sunil CR | G16: Yes | H16: No | I16: Good finish | J16: Yes | K16: P5,P1 | L16: No | M16: =IF(E16="","",IF(H16="Yes","❌ Disc",IF(G16="No","⚠ Missing",IF(J16="Yes","✓ OK","⚠ Check")))) -> ✓ OK | N16: 46193 | O16: Sunil CR | P16: Yes | Q16: No | R16: Good finish | S16: Yes | T16: P5,P1 | U16: No | V16: =IF(N16="","",IF(Q16="Yes","❌ Disc",IF(P16="No","⚠ Missing",IF(S16="Yes","✓ OK","⚠ Check")))) -> ✓ OK | W16: 46248 | X16: Sunil CR | Y16: Yes | Z16: No | AA16: Good finish | AB16: Yes | AC16: P5,P1 | AD16: No | AE16: =IF(W16="","",IF(Z16="Yes","❌ Disc",IF(Y16="No","⚠ Missing",IF(AB16="Yes","✓ OK","⚠ Check")))) -> ✓ OK | AF16: 18-09-2026 | AG16: Sunil CR | AH16: Yes | AI16: No | AJ16: Good finish | AK16: Yes | AL16: P5,P1 | AM16: No | AN16: =IF(AF16="","",IF(AI16="Yes","❌ Disc",IF(AH16="No","⚠ Missing",IF(AK16="Yes","✓ OK","⚠ Check")))) -> ✓ OK | AW16: =IF(AO16="","",IF(AR16="Yes","❌ Disc",IF(AQ16="No","⚠ Missing",IF(AT16="Yes","✓ OK","⚠ Check"))))
A17: 13 | B17: PU 7002 GL | C17: PU - Olive Grey (Gloss) 7002 | D17: DESIGNORX PRIVATE LIMITED | E17: 46126 | F17: Sunil CR | G17: Represented by Sample | H17: No | I17: Represented by Sample | J17: Yes | L17: No | M17: =IF(E17="","",IF(H17="Yes","❌ Disc",IF(G17="No","⚠ Missing",IF(J17="Yes","✓ OK","⚠ Check")))) -> ✓ OK | N17: 46193 | O17: Sunil CR | P17: Represented by Sample | Q17: No | R17: Represented by Sample | S17: Yes | U17: No | V17: =IF(N17="","",IF(Q17="Yes","❌ Disc",IF(P17="No","⚠ Missing",IF(S17="Yes","✓ OK","⚠ Check")))) -> ✓ OK | W17: 46248 | X17: Sunil CR | Y17: Represented by Sample | Z17: No | AA17: Represented by Sample | AB17: Yes | AD17: No | AE17: =IF(W17="","",IF(Z17="Yes","❌ Disc",IF(Y17="No","⚠ Missing",IF(AB17="Yes","✓ OK","⚠ Check")))) -> ✓ OK | AF17: 18-09-2026 | AG17: Sunil CR | AH17: Represented by Sample | AI17: No | AJ17: Represented by Sample | AK17: Yes | AM17: No | AN17: =IF(AF17="","",IF(AI17="Yes","❌ Disc",IF(AH17="No","⚠ Missing",IF(AK17="Yes","✓ OK","⚠ Check")))) -> ✓ OK | AW17: =IF(AO17="","",IF(AR17="Yes","❌ Disc",IF(AQ17="No","⚠ Missing",IF(AT17="Yes","✓ OK","⚠ Check"))))
A18: 14 | B18: PU 7002 MT | C18: PU - Olive Grey (Matte) 7002 | D18: DESIGNORX PRIVATE LIMITED | E18: 46126 | F18: Sunil CR | G18: Yes | H18: No | I18: Good finish | J18: Yes | K18: P1 | L18: No | M18: =IF(E18="","",IF(H18="Yes","❌ Disc",IF(G18="No","⚠ Missing",IF(J18="Yes","✓ OK","⚠ Check")))) -> ✓ OK | N18: 46193 | O18: Sunil CR | P18: Yes | Q18: No | R18: Good finish | S18: Yes | T18: P1 | U18: No | V18: =IF(N18="","",IF(Q18="Yes","❌ Disc",IF(P18="No","⚠ Missing",IF(S18="Yes","✓ OK","⚠ Check")))) -> ✓ OK | W18: 46248 | X18: Sunil CR | Y18: Yes | Z18: No | AA18: Good finish | AB18: Yes | AC18: P1 | AD18: No | AE18: =IF(W18="","",IF(Z18="Yes","❌ Disc",IF(Y18="No","⚠ Missing",IF(AB18="Yes","✓ OK","⚠ Check")))) -> ✓ OK | AF18: 18-09-2026 | AG18: Sunil CR | AH18: Yes | AI18: No | AJ18: Good finish | AK18: Yes | AL18: P1 | AM18: No | AN18: =IF(AF18="","",IF(AI18="Yes","❌ Disc",IF(AH18="No","⚠ Missing",IF(AK18="Yes","✓ OK","⚠ Check")))) -> ✓ OK | AW18: =IF(AO18="","",IF(AR18="Yes","❌ Disc",IF(AQ18="No","⚠ Missing",IF(AT18="Yes","✓ OK","⚠ Check"))))
A19: 15 | B19: PU 4009 GL | C19: PU - Pastel Violet (Gloss) 4009 | D19: DESIGNORX PRIVATE LIMITED | E19: 46126 | F19: Sunil CR | G19: Yes | H19: No | I19: Good finish | J19: Yes | K19: P1,P2 | L19: No | M19: =IF(E19="","",IF(H19="Yes","❌ Disc",IF(G19="No","⚠ Missing",IF(J19="Yes","✓ OK","⚠ Check")))) -> ✓ OK | N19: 46193 | O19: Sunil CR | P19: Yes | Q19: No | R19: Good finish | S19: Yes | T19: P1,P2 | U19: No | V19: =IF(N19="","",IF(Q19="Yes","❌ Disc",IF(P19="No","⚠ Missing",IF(S19="Yes","✓ OK","⚠ Check")))) -> ✓ OK | W19: 46248 | X19: Sunil CR | Y19: Yes | Z19: No | AA19: Good finish | AB19: Yes | AC19: P1,P2 | AD19: No | AE19: =IF(W19="","",IF(Z19="Yes","❌ Disc",IF(Y19="No","⚠ Missing",IF(AB19="Yes","✓ OK","⚠ Check")))) -> ✓ OK | AF19: 18-09-2026 | AG19: Sunil CR | AH19: Yes | AI19: No | AJ19: Good finish | AK19: Yes | AL19: P1,P2 | AM19: No | AN19: =IF(AF19="","",IF(AI19="Yes","❌ Disc",IF(AH19="No","⚠ Missing",IF(AK19="Yes","✓ OK","⚠ Check")))) -> ✓ OK | AW19: =IF(AO19="","",IF(AR19="Yes","❌ Disc",IF(AQ19="No","⚠ Missing",IF(AT19="Yes","✓ OK","⚠ Check"))))
A20: 16 | B20: PU 4009 MT | C20: PU - Pastel Violet (Matte) 4009 | D20: DESIGNORX PRIVATE LIMITED | E20: 46126 | F20: Sunil CR | G20: Represented by Sample | H20: No | I20: Represented by Sample | J20: Yes | L20: No | M20: =IF(E20="","",IF(H20="Yes","❌ Disc",IF(G20="No","⚠ Missing",IF(J20="Yes","✓ OK","⚠ Check")))) -> ✓ OK | N20: 46193 | O20: Sunil CR | P20: Represented by Sample | Q20: No | R20: Represented by Sample | S20: Yes | U20: No | V20: =IF(N20="","",IF(Q20="Yes","❌ Disc",IF(P20="No","⚠ Missing",IF(S20="Yes","✓ OK","⚠ Check")))) -> ✓ OK | W20: 46248 | X20: Sunil CR | Y20: Represented by Sample | Z20: No | AA20: Represented by Sample | AB20: Yes | AD20: No | AE20: =IF(W20="","",IF(Z20="Yes","❌ Disc",IF(Y20="No","⚠ Missing",IF(AB20="Yes","✓ OK","⚠ Check")))) -> ✓ OK | AF20: 18-09-2026 | AG20: Sunil CR | AH20: Represented by Sample | AI20: No | AJ20: Represented by Sample | AK20: Yes | AM20: No | AN20: =IF(AF20="","",IF(AI20="Yes","❌ Disc",IF(AH20="No","⚠ Missing",IF(AK20="Yes","✓ OK","⚠ Check")))) -> ✓ OK | AW20: =IF(AO20="","",IF(AR20="Yes","❌ Disc",IF(AQ20="No","⚠ Missing",IF(AT20="Yes","✓ OK","⚠ Check"))))
A21: 17 | B21: PU 6000 GL | C21: PU - Patina Green (Gloss) 6000 | D21: DESIGNORX PRIVATE LIMITED | E21: 46126 | F21: Sunil CR | G21: Yes | H21: No | I21: Good finish | J21: Yes | K21: P2 | L21: No | M21: =IF(E21="","",IF(H21="Yes","❌ Disc",IF(G21="No","⚠ Missing",IF(J21="Yes","✓ OK","⚠ Check")))) -> ✓ OK | N21: 46193 | O21: Sunil CR | P21: Yes | Q21: No | R21: Good finish | S21: Yes | T21: P2 | U21: No | V21: =IF(N21="","",IF(Q21="Yes","❌ Disc",IF(P21="No","⚠ Missing",IF(S21="Yes","✓ OK","⚠ Check")))) -> ✓ OK | W21: 46248 | X21: Sunil CR | Y21: Yes | Z21: No | AA21: Good finish | AB21: Yes | AC21: P2 | AD21: No | AE21: =IF(W21="","",IF(Z21="Yes","❌ Disc",IF(Y21="No","⚠ Missing",IF(AB21="Yes","✓ OK","⚠ Check")))) -> ✓ OK | AF21: 18-09-2026 | AG21: Sunil CR | AH21: Yes | AI21: No | AJ21: Good finish | AK21: Yes | AL21: P2 | AM21: No | AN21: =IF(AF21="","",IF(AI21="Yes","❌ Disc",IF(AH21="No","⚠ Missing",IF(AK21="Yes","✓ OK","⚠ Check")))) -> ✓ OK | AW21: =IF(AO21="","",IF(AR21="Yes","❌ Disc",IF(AQ21="No","⚠ Missing",IF(AT21="Yes","✓ OK","⚠ Check"))))
A22: 18 | B22: PU 6000 MT | C22: PU - Patina Green (Matte) 6000 | D22: DESIGNORX PRIVATE LIMITED | E22: 46126 | F22: Sunil CR | G22: Yes | H22: No | I22: Good finish | J22: Yes | K22: P1 | L22: No | M22: =IF(E22="","",IF(H22="Yes","❌ Disc",IF(G22="No","⚠ Missing",IF(J22="Yes","✓ OK","⚠ Check")))) -> ✓ OK | N22: 46193 | O22: Sunil CR | P22: Yes | Q22: No | R22: Good finish | S22: Yes | T22: P1 | U22: No | V22: =IF(N22="","",IF(Q22="Yes","❌ Disc",IF(P22="No","⚠ Missing",IF(S22="Yes","✓ OK","⚠ Check")))) -> ✓ OK | W22: 46248 | X22: Sunil CR | Y22: Yes | Z22: No | AA22: Good finish | AB22: Yes | AC22: P1 | AD22: No | AE22: =IF(W22="","",IF(Z22="Yes","❌ Disc",IF(Y22="No","⚠ Missing",IF(AB22="Yes","✓ OK","⚠ Check")))) -> ✓ OK | AF22: 18-09-2026 | AG22: Sunil CR | AH22: Yes | AI22: No | AJ22: Good finish | AK22: Yes | AL22: P1 | AM22: No | AN22: =IF(AF22="","",IF(AI22="Yes","❌ Disc",IF(AH22="No","⚠ Missing",IF(AK22="Yes","✓ OK","⚠ Check")))) -> ✓ OK | AW22: =IF(AO22="","",IF(AR22="Yes","❌ Disc",IF(AQ22="No","⚠ Missing",IF(AT22="Yes","✓ OK","⚠ Check"))))
A23: 19 | B23: PU 4001 GL | C23: PU - Red lilac (Gloss) 4001 | D23: DESIGNORX PRIVATE LIMITED | E23: 46126 | F23: Sunil CR | G23: Yes | H23: No | I23: Good finish | J23: Yes | K23: PJ,P1 | L23: No | M23: =IF(E23="","",IF(H23="Yes","❌ Disc",IF(G23="No","⚠ Missing",IF(J23="Yes","✓ OK","⚠ Check")))) -> ✓ OK | N23: 46193 | O23: Sunil CR | P23: Yes | Q23: No | R23: Good finish | S23: Yes | T23: PJ,P1 | U23: No | V23: =IF(N23="","",IF(Q23="Yes","❌ Disc",IF(P23="No","⚠ Missing",IF(S23="Yes","✓ OK","⚠ Check")))) -> ✓ OK | W23: 46248 | X23: Sunil CR | Y23: Yes | Z23: No | AA23: Good finish | AB23: Yes | AC23: PJ,P1 | AD23: No | AE23: =IF(W23="","",IF(Z23="Yes","❌ Disc",IF(Y23="No","⚠ Missing",IF(AB23="Yes","✓ OK","⚠ Check")))) -> ✓ OK | AF23: 18-09-2026 | AG23: Sunil CR | AH23: Yes | AI23: No | AJ23: Good finish | AK23: Yes | AL23: PJ,P1 | AM23: No | AN23: =IF(AF23="","",IF(AI23="Yes","❌ Disc",IF(AH23="No","⚠ Missing",IF(AK23="Yes","✓ OK","⚠ Check")))) -> ✓ OK | AW23: =IF(AO23="","",IF(AR23="Yes","❌ Disc",IF(AQ23="No","⚠ Missing",IF(AT23="Yes","✓ OK","⚠ Check"))))
A24: 20 | B24: PU 4001 MT | C24: PU - Red lilac (Matte) 4001 | D24: DESIGNORX PRIVATE LIMITED | E24: 46126 | F24: Sunil CR | G24: Yes | H24: No | I24: Good finish | J24: Yes | K24: P6,P2 | L24: No | M24: =IF(E24="","",IF(H24="Yes","❌ Disc",IF(G24="No","⚠ Missing",IF(J24="Yes","✓ OK","⚠ Check")))) -> ✓ OK | N24: 46193 | O24: Sunil CR | P24: Yes | Q24: No | R24: Good finish | S24: Yes | T24: P6,P2 | U24: No | V24: =IF(N24="","",IF(Q24="Yes","❌ Disc",IF(P24="No","⚠ Missing",IF(S24="Yes","✓ OK","⚠ Check")))) -> ✓ OK | W24: 46248 | X24: Sunil CR | Y24: Yes | Z24: No | AA24: Good finish | AB24: Yes | AC24: P6,P2 | AD24: No | AE24: =IF(W24="","",IF(Z24="Yes","❌ Disc",IF(Y24="No","⚠ Missing",IF(AB24="Yes","✓ OK","⚠ Check")))) -> ✓ OK | AF24: 18-09-2026 | AG24: Sunil CR | AH24: Yes | AI24: No | AJ24: Good finish | AK24: Yes | AL24: P6,P2 | AM24: No | AN24: =IF(AF24="","",IF(AI24="Yes","❌ Disc",IF(AH24="No","⚠ Missing",IF(AK24="Yes","✓ OK","⚠ Check")))) -> ✓ OK | AW24: =IF(AO24="","",IF(AR24="Yes","❌ Disc",IF(AQ24="No","⚠ Missing",IF(AT24="Yes","✓ OK","⚠ Check"))))
A25: 21 | B25: PU 5011 GL | C25: PU - Steel Blue (Gloss) 5011 | D25: DESIGNORX PRIVATE LIMITED | E25: 46126 | F25: Sunil CR | G25: Yes | H25: No | I25: Good finish | J25: Yes | K25: P1 | L25: No | M25: =IF(E25="","",IF(H25="Yes","❌ Disc",IF(G25="No","⚠ Missing",IF(J25="Yes","✓ OK","⚠ Check")))) -> ✓ OK | N25: 46193 | O25: Sunil CR | P25: Yes | Q25: No | R25: Good finish | S25: Yes | T25: P1 | U25: No | V25: =IF(N25="","",IF(Q25="Yes","❌ Disc",IF(P25="No","⚠ Missing",IF(S25="Yes","✓ OK","⚠ Check")))) -> ✓ OK | W25: 46248 | X25: Sunil CR | Y25: Yes | Z25: No | AA25: Good finish | AB25: Yes | AC25: P1 | AD25: No | AE25: =IF(W25="","",IF(Z25="Yes","❌ Disc",IF(Y25="No","⚠ Missing",IF(AB25="Yes","✓ OK","⚠ Check")))) -> ✓ OK | AF25: 18-09-2026 | AG25: Sunil CR | AH25: Yes | AI25: No | AJ25: Good finish | AK25: Yes | AL25: P1 | AM25: No | AN25: =IF(AF25="","",IF(AI25="Yes","❌ Disc",IF(AH25="No","⚠ Missing",IF(AK25="Yes","✓ OK","⚠ Check")))) -> ✓ OK | AW25: =IF(AO25="","",IF(AR25="Yes","❌ Disc",IF(AQ25="No","⚠ Missing",IF(AT25="Yes","✓ OK","⚠ Check"))))
A26: 22 | B26: PU 5011 MT | C26: PU - Steel Blue (Matte) 5011 | D26: DESIGNORX PRIVATE LIMITED | E26: 46126 | F26: Sunil CR | G26: Represented by Sample | H26: No | I26: Represented by Sample | J26: Yes | L26: No | M26: =IF(E26="","",IF(H26="Yes","❌ Disc",IF(G26="No","⚠ Missing",IF(J26="Yes","✓ OK","⚠ Check")))) -> ✓ OK | N26: 46193 | O26: Sunil CR | P26: Represented by Sample | Q26: No | R26: Represented by Sample | S26: Yes | U26: No | V26: =IF(N26="","",IF(Q26="Yes","❌ Disc",IF(P26="No","⚠ Missing",IF(S26="Yes","✓ OK","⚠ Check")))) -> ✓ OK | W26: 46248 | X26: Sunil CR | Y26: Represented by Sample | Z26: No | AA26: Represented by Sample | AB26: Yes | AD26: No | AE26: =IF(W26="","",IF(Z26="Yes","❌ Disc",IF(Y26="No","⚠ Missing",IF(AB26="Yes","✓ OK","⚠ Check")))) -> ✓ OK | AF26: 18-09-2026 | AG26: Sunil CR | AH26: Represented by Sample | AI26: No | AJ26: Represented by Sample | AK26: Yes | AM26: No | AN26: =IF(AF26="","",IF(AI26="Yes","❌ Disc",IF(AH26="No","⚠ Missing",IF(AK26="Yes","✓ OK","⚠ Check")))) -> ✓ OK | AW26: =IF(AO26="","",IF(AR26="Yes","❌ Disc",IF(AQ26="No","⚠ Missing",IF(AT26="Yes","✓ OK","⚠ Check"))))
A27: 23 | B27: PU 5018 GL | C27: PU - Turquoise Blue (Gloss) 5018 | D27: DESIGNORX PRIVATE LIMITED | E27: 46126 | F27: Sunil CR | G27: Yes | H27: No | I27: Good finish | J27: Yes | K27: P1,PJ | L27: No | M27: =IF(E27="","",IF(H27="Yes","❌ Disc",IF(G27="No","⚠ Missing",IF(J27="Yes","✓ OK","⚠ Check")))) -> ✓ OK | N27: 46193 | O27: Sunil CR | P27: Yes | Q27: No | R27: Good finish | S27: Yes | T27: P1,PJ | U27: No | V27: =IF(N27="","",IF(Q27="Yes","❌ Disc",IF(P27="No","⚠ Missing",IF(S27="Yes","✓ OK","⚠ Check")))) -> ✓ OK | W27: 46248 | X27: Sunil CR | Y27: Yes | Z27: No | AA27: Good finish | AB27: Yes | AC27: P1,PJ | AD27: No | AE27: =IF(W27="","",IF(Z27="Yes","❌ Disc",IF(Y27="No","⚠ Missing",IF(AB27="Yes","✓ OK","⚠ Check")))) -> ✓ OK | AF27: 18-09-2026 | AG27: Sunil CR | AH27: Yes | AI27: No | AJ27: Good finish | AK27: Yes | AL27: P1,PJ | AM27: No | AN27: =IF(AF27="","",IF(AI27="Yes","❌ Disc",IF(AH27="No","⚠ Missing",IF(AK27="Yes","✓ OK","⚠ Check")))) -> ✓ OK | AW27: =IF(AO27="","",IF(AR27="Yes","❌ Disc",IF(AQ27="No","⚠ Missing",IF(AT27="Yes","✓ OK","⚠ Check"))))
A28: 24 | B28: PU 5018 MT | C28: PU - Turquoise Blue (Matte) 5018 | D28: DESIGNORX PRIVATE LIMITED | E28: 46126 | F28: Sunil CR | G28: Represented by Sample | H28: No | I28: Represented by Sample | J28: Yes | L28: No | M28: =IF(E28="","",IF(H28="Yes","❌ Disc",IF(G28="No","⚠ Missing",IF(J28="Yes","✓ OK","⚠ Check")))) -> ✓ OK | N28: 46193 | O28: Sunil CR | P28: Represented by Sample | Q28: No | R28: Represented by Sample | S28: Yes | U28: No | V28: =IF(N28="","",IF(Q28="Yes","❌ Disc",IF(P28="No","⚠ Missing",IF(S28="Yes","✓ OK","⚠ Check")))) -> ✓ OK | W28: 46248 | X28: Sunil CR | Y28: Represented by Sample | Z28: No | AA28: Represented by Sample | AB28: Yes | AD28: No | AE28: =IF(W28="","",IF(Z28="Yes","❌ Disc",IF(Y28="No","⚠ Missing",IF(AB28="Yes","✓ OK","⚠ Check")))) -> ✓ OK | AF28: 18-09-2026 | AG28: Sunil CR | AH28: Represented by Sample | AI28: No | AJ28: Represented by Sample | AK28: Yes | AM28: No | AN28: =IF(AF28="","",IF(AI28="Yes","❌ Disc",IF(AH28="No","⚠ Missing",IF(AK28="Yes","✓ OK","⚠ Check")))) -> ✓ OK | AW28: =IF(AO28="","",IF(AR28="Yes","❌ Disc",IF(AQ28="No","⚠ Missing",IF(AT28="Yes","✓ OK","⚠ Check"))))
A29: 25 | B29: PU 6014 GL | C29: PU - Yellow Olive (Gloss) 6014 | D29: DESIGNORX PRIVATE LIMITED | E29: 46126 | F29: Sunil CR | G29: Yes | H29: No | I29: Good finish | J29: Yes | K29: P2 | L29: No | M29: =IF(E29="","",IF(H29="Yes","❌ Disc",IF(G29="No","⚠ Missing",IF(J29="Yes","✓ OK","⚠ Check")))) -> ✓ OK | N29: 46193 | O29: Sunil CR | P29: Yes | Q29: No | R29: Good finish | S29: Yes | T29: P2 | U29: No | V29: =IF(N29="","",IF(Q29="Yes","❌ Disc",IF(P29="No","⚠ Missing",IF(S29="Yes","✓ OK","⚠ Check")))) -> ✓ OK | W29: 46248 | X29: Sunil CR | Y29: Yes | Z29: No | AA29: Good finish | AB29: Yes | AC29: P2 | AD29: No | AE29: =IF(W29="","",IF(Z29="Yes","❌ Disc",IF(Y29="No","⚠ Missing",IF(AB29="Yes","✓ OK","⚠ Check")))) -> ✓ OK | AF29: 18-09-2026 | AG29: Sunil CR | AH29: Yes | AI29: No | AJ29: Good finish | AK29: Yes | AL29: P2 | AM29: No | AN29: =IF(AF29="","",IF(AI29="Yes","❌ Disc",IF(AH29="No","⚠ Missing",IF(AK29="Yes","✓ OK","⚠ Check")))) -> ✓ OK | AW29: =IF(AO29="","",IF(AR29="Yes","❌ Disc",IF(AQ29="No","⚠ Missing",IF(AT29="Yes","✓ OK","⚠ Check"))))
A30: 26 | B30: PU 6014 MT | C30: PU - Yellow Olive (Matte) 6014 | D30: DESIGNORX PRIVATE LIMITED | E30: 46126 | F30: Sunil CR | G30: Represented by Sample | H30: No | I30: Represented by Sample | J30: Yes | L30: No | M30: =IF(E30="","",IF(H30="Yes","❌ Disc",IF(G30="No","⚠ Missing",IF(J30="Yes","✓ OK","⚠ Check")))) -> ✓ OK | N30: 46193 | O30: Sunil CR | P30: Represented by Sample | Q30: No | R30: Represented by Sample | S30: Yes | U30: No | V30: =IF(N30="","",IF(Q30="Yes","❌ Disc",IF(P30="No","⚠ Missing",IF(S30="Yes","✓ OK","⚠ Check")))) -> ✓ OK | W30: 46248 | X30: Sunil CR | Y30: Represented by Sample | Z30: No | AA30: Represented by Sample | AB30: Yes | AD30: No | AE30: =IF(W30="","",IF(Z30="Yes","❌ Disc",IF(Y30="No","⚠ Missing",IF(AB30="Yes","✓ OK","⚠ Check")))) -> ✓ OK | AF30: 18-09-2026 | AG30: Sunil CR | AH30: Represented by Sample | AI30: No | AJ30: Represented by Sample | AK30: Yes | AM30: No | AN30: =IF(AF30="","",IF(AI30="Yes","❌ Disc",IF(AH30="No","⚠ Missing",IF(AK30="Yes","✓ OK","⚠ Check")))) -> ✓ OK | AW30: =IF(AO30="","",IF(AR30="Yes","❌ Disc",IF(AQ30="No","⚠ Missing",IF(AT30="Yes","✓ OK","⚠ Check"))))
A31: 27 | B31: aubergine-highgloss | C31: Aubergine (High Gloss) | D31: SPACEWOOD FURNISHERS PVT LTD | E31: 46125 | F31: Sunil CR | G31: Yes | H31: No | I31: Good finish | J31: Yes | L31: No | M31: =IF(E31="","",IF(H31="Yes","❌ Disc",IF(G31="No","⚠ Missing",IF(J31="Yes","✓ OK","⚠ Check")))) -> ✓ OK | N31: 46193 | O31: Sunil CR | P31: Yes | Q31: No | R31: Good finish | S31: Yes | U31: No | V31: =IF(N31="","",IF(Q31="Yes","❌ Disc",IF(P31="No","⚠ Missing",IF(S31="Yes","✓ OK","⚠ Check")))) -> ✓ OK | W31: 46248 | X31: Sunil CR | Y31: Yes | Z31: No | AA31: Good finish | AB31: Yes | AD31: No | AE31: =IF(W31="","",IF(Z31="Yes","❌ Disc",IF(Y31="No","⚠ Missing",IF(AB31="Yes","✓ OK","⚠ Check")))) -> ✓ OK | AF31: 18-09-2026 | AG31: Sunil CR | AH31: Yes | AI31: No | AJ31: Good finish | AK31: Yes | AM31: No | AN31: =IF(AF31="","",IF(AI31="Yes","❌ Disc",IF(AH31="No","⚠ Missing",IF(AK31="Yes","✓ OK","⚠ Check")))) -> ✓ OK | AW31: =IF(AO31="","",IF(AR31="Yes","❌ Disc",IF(AQ31="No","⚠ Missing",IF(AT31="Yes","✓ OK","⚠ Check"))))
A32: 28 | B32: beige-highgloss | C32: Beige (High Gloss) | D32: SPACEWOOD FURNISHERS PVT LTD | E32: 46125 | F32: Sunil CR | G32: Yes | H32: No | I32: Good finish | J32: Yes | L32: No | M32: =IF(E32="","",IF(H32="Yes","❌ Disc",IF(G32="No","⚠ Missing",IF(J32="Yes","✓ OK","⚠ Check")))) -> ✓ OK | N32: 46193 | O32: Sunil CR | P32: Yes | Q32: No | R32: Good finish | S32: Yes | U32: No | V32: =IF(N32="","",IF(Q32="Yes","❌ Disc",IF(P32="No","⚠ Missing",IF(S32="Yes","✓ OK","⚠ Check")))) -> ✓ OK | W32: 46248 | X32: Sunil CR | Y32: Yes | Z32: No | AA32: Good finish | AB32: Yes | AD32: No | AE32: =IF(W32="","",IF(Z32="Yes","❌ Disc",IF(Y32="No","⚠ Missing",IF(AB32="Yes","✓ OK","⚠ Check")))) -> ✓ OK | AF32: 18-09-2026 | AG32: Sunil CR | AH32: Yes | AI32: No | AJ32: Good finish | AK32: Yes | AM32: No | AN32: =IF(AF32="","",IF(AI32="Yes","❌ Disc",IF(AH32="No","⚠ Missing",IF(AK32="Yes","✓ OK","⚠ Check")))) -> ✓ OK | AW32: =IF(AO32="","",IF(AR32="Yes","❌ Disc",IF(AQ32="No","⚠ Missing",IF(AT32="Yes","✓ OK","⚠ Check"))))
A33: 29 | B33: cashmere-highgloss | C33: Cashmere (High Gloss) | D33: SPACEWOOD FURNISHERS PVT LTD | E33: 46125 | F33: Sunil CR | G33: Yes | H33: No | I33: Good finish | J33: Yes | L33: No | M33: =IF(E33="","",IF(H33="Yes","❌ Disc",IF(G33="No","⚠ Missing",IF(J33="Yes","✓ OK","⚠ Check")))) -> ✓ OK | N33: 46193 | O33: Sunil CR | P33: Yes | Q33: No | R33: Good finish | S33: Yes | U33: No | V33: =IF(N33="","",IF(Q33="Yes","❌ Disc",IF(P33="No","⚠ Missing",IF(S33="Yes","✓ OK","⚠ Check")))) -> ✓ OK | W33: 46248 | X33: Sunil CR | Y33: Yes | Z33: No | AA33: Good finish | AB33: Yes | AD33: No | AE33: =IF(W33="","",IF(Z33="Yes","❌ Disc",IF(Y33="No","⚠ Missing",IF(AB33="Yes","✓ OK","⚠ Check")))) -> ✓ OK | AF33: 18-09-2026 | AG33: Sunil CR | AH33: Yes | AI33: No | AJ33: Good finish | AK33: Yes | AM33: No | AN33: =IF(AF33="","",IF(AI33="Yes","❌ Disc",IF(AH33="No","⚠ Missing",IF(AK33="Yes","✓ OK","⚠ Check")))) -> ✓ OK | AW33: =IF(AO33="","",IF(AR33="Yes","❌ Disc",IF(AQ33="No","⚠ Missing",IF(AT33="Yes","✓ OK","⚠ Check"))))
A34: 30 | B34: cubanitgreypremier-matt | C34: Cubanit Grey Premier (Matt) | D34: SPACEWOOD FURNISHERS PVT LTD | E34: 46125 | F34: Sunil CR | G34: Yes | H34: No | I34: Good finish | J34: Yes | L34: No | M34: =IF(E34="","",IF(H34="Yes","❌ Disc",IF(G34="No","⚠ Missing",IF(J34="Yes","✓ OK","⚠ Check")))) -> ✓ OK | N34: 46193 | O34: Sunil CR | P34: Yes | Q34: No | R34: Good finish | S34: Yes | U34: No | V34: =IF(N34="","",IF(Q34="Yes","❌ Disc",IF(P34="No","⚠ Missing",IF(S34="Yes","✓ OK","⚠ Check")))) -> ✓ OK | W34: 46248 | X34: Sunil CR | Y34: Yes | Z34: No | AA34: Good finish | AB34: Yes | AD34: No | AE34: =IF(W34="","",IF(Z34="Yes","❌ Disc",IF(Y34="No","⚠ Missing",IF(AB34="Yes","✓ OK","⚠ Check")))) -> ✓ OK | AF34: 18-09-2026 | AG34: Sunil CR | AH34: Yes | AI34: No | AJ34: Good finish | AK34: Yes | AM34: No | AN34: =IF(AF34="","",IF(AI34="Yes","❌ Disc",IF(AH34="No","⚠ Missing",IF(AK34="Yes","✓ OK","⚠ Check")))) -> ✓ OK | AW34: =IF(AO34="","",IF(AR34="Yes","❌ Disc",IF(AQ34="No","⚠ Missing",IF(AT34="Yes","✓ OK","⚠ Check"))))
A35: 31 | B35: dustgreypremier-matt | C35: Dust Grey Premier (Matt) | D35: SPACEWOOD FURNISHERS PVT LTD | E35: 46125 | F35: Sunil CR | G35: Yes | H35: No | I35: Good finish | J35: Yes | L35: No | M35: =IF(E35="","",IF(H35="Yes","❌ Disc",IF(G35="No","⚠ Missing",IF(J35="Yes","✓ OK","⚠ Check")))) -> ✓ OK | N35: 46193 | O35: Sunil CR | P35: Yes | Q35: No | R35: Good finish | S35: Yes | U35: No | V35: =IF(N35="","",IF(Q35="Yes","❌ Disc",IF(P35="No","⚠ Missing",IF(S35="Yes","✓ OK","⚠ Check")))) -> ✓ OK | W35: 46248 | X35: Sunil CR | Y35: Yes | Z35: No | AA35: Good finish | AB35: Yes | AD35: No | AE35: =IF(W35="","",IF(Z35="Yes","❌ Disc",IF(Y35="No","⚠ Missing",IF(AB35="Yes","✓ OK","⚠ Check")))) -> ✓ OK | AF35: 18-09-2026 | AG35: Sunil CR | AH35: Yes | AI35: No | AJ35: Good finish | AK35: Yes | AM35: No | AN35: =IF(AF35="","",IF(AI35="Yes","❌ Disc",IF(AH35="No","⚠ Missing",IF(AK35="Yes","✓ OK","⚠ Check")))) -> ✓ OK | AW35: =IF(AO35="","",IF(AR35="Yes","❌ Disc",IF(AQ35="No","⚠ Missing",IF(AT35="Yes","✓ OK","⚠ Check"))))
A36: 32 | B36: elmoverlingableached-matt | C36: Elmo Verlinga Bleached (Matt) | D36: SPACEWOOD FURNISHERS PVT LTD | E36: 46125 | F36: Sunil CR | G36: Yes | H36: No | I36: Good finish | J36: Yes | L36: No | M36: =IF(E36="","",IF(H36="Yes","❌ Disc",IF(G36="No","⚠ Missing",IF(J36="Yes","✓ OK","⚠ Check")))) -> ✓ OK | N36: 46193 | O36: Sunil CR | P36: Yes | Q36: No | R36: Good finish | S36: Yes | U36: No | V36: =IF(N36="","",IF(Q36="Yes","❌ Disc",IF(P36="No","⚠ Missing",IF(S36="Yes","✓ OK","⚠ Check")))) -> ✓ OK | W36: 46248 | X36: Sunil CR | Y36: Yes | Z36: No | AA36: Good finish | AB36: Yes | AD36: No | AE36: =IF(W36="","",IF(Z36="Yes","❌ Disc",IF(Y36="No","⚠ Missing",IF(AB36="Yes","✓ OK","⚠ Check")))) -> ✓ OK | AF36: 18-09-2026 | AG36: Sunil CR | AH36: Yes | AI36: No | AJ36: Good finish | AK36: Yes | AM36: No | AN36: =IF(AF36="","",IF(AI36="Yes","❌ Disc",IF(AH36="No","⚠ Missing",IF(AK36="Yes","✓ OK","⚠ Check")))) -> ✓ OK | AW36: =IF(AO36="","",IF(AR36="Yes","❌ Disc",IF(AQ36="No","⚠ Missing",IF(AT36="Yes","✓ OK","⚠ Check"))))
A37: 33 | B37: esmarticwhite-matt | C37: ESM Arctic White Matt (SM-1) | D37: SPACEWOOD FURNISHERS PVT LTD | E37: 46125 | F37: Sunil CR | G37: Yes | H37: No | I37: Good finish | J37: Yes | L37: No | M37: =IF(E37="","",IF(H37="Yes","❌ Disc",IF(G37="No","⚠ Missing",IF(J37="Yes","✓ OK","⚠ Check")))) -> ✓ OK | N37: 46193 | O37: Sunil CR | P37: Yes | Q37: No | R37: Good finish | S37: Yes | U37: No | V37: =IF(N37="","",IF(Q37="Yes","❌ Disc",IF(P37="No","⚠ Missing",IF(S37="Yes","✓ OK","⚠ Check")))) -> ✓ OK | W37: 46248 | X37: Sunil CR | Y37: Yes | Z37: No | AA37: Good finish | AB37: Yes | AD37: No | AE37: =IF(W37="","",IF(Z37="Yes","❌ Disc",IF(Y37="No","⚠ Missing",IF(AB37="Yes","✓ OK","⚠ Check")))) -> ✓ OK | AF37: 18-09-2026 | AG37: Sunil CR | AH37: Yes | AI37: No | AJ37: Good finish | AK37: Yes | AM37: No | AN37: =IF(AF37="","",IF(AI37="Yes","❌ Disc",IF(AH37="No","⚠ Missing",IF(AK37="Yes","✓ OK","⚠ Check")))) -> ✓ OK | AW37: =IF(AO37="","",IF(AR37="Yes","❌ Disc",IF(AQ37="No","⚠ Missing",IF(AT37="Yes","✓ OK","⚠ Check"))))
A38: 34 | B38: esmbeaublue | C38: ESM Beau Blue (Matt) | D38: SPACEWOOD FURNISHERS PVT LTD | E38: 46125 | F38: Sunil CR | G38: Yes | H38: No | I38: Good finish | J38: Yes | L38: No | M38: =IF(E38="","",IF(H38="Yes","❌ Disc",IF(G38="No","⚠ Missing",IF(J38="Yes","✓ OK","⚠ Check")))) -> ✓ OK | N38: 46193 | O38: Sunil CR | P38: Yes | Q38: No | R38: Good finish | S38: Yes | U38: No | V38: =IF(N38="","",IF(Q38="Yes","❌ Disc",IF(P38="No","⚠ Missing",IF(S38="Yes","✓ OK","⚠ Check")))) -> ✓ OK | W38: 46248 | X38: Sunil CR | Y38: Yes | Z38: No | AA38: Good finish | AB38: Yes | AD38: No | AE38: =IF(W38="","",IF(Z38="Yes","❌ Disc",IF(Y38="No","⚠ Missing",IF(AB38="Yes","✓ OK","⚠ Check")))) -> ✓ OK | AF38: 18-09-2026 | AG38: Sunil CR | AH38: Yes | AI38: No | AJ38: Good finish | AK38: Yes | AM38: No | AN38: =IF(AF38="","",IF(AI38="Yes","❌ Disc",IF(AH38="No","⚠ Missing",IF(AK38="Yes","✓ OK","⚠ Check")))) -> ✓ OK | AW38: =IF(AO38="","",IF(AR38="Yes","❌ Disc",IF(AQ38="No","⚠ Missing",IF(AT38="Yes","✓ OK","⚠ Check"))))
A39: 35 | B39: esmcorn-matt | C39: ESM Corn (Matt) | D39: SPACEWOOD FURNISHERS PVT LTD | E39: 46125 | F39: Sunil CR | G39: Yes | H39: No | I39: Good finish | J39: Yes | L39: No | M39: =IF(E39="","",IF(H39="Yes","❌ Disc",IF(G39="No","⚠ Missing",IF(J39="Yes","✓ OK","⚠ Check")))) -> ✓ OK | N39: 46193 | O39: Sunil CR | P39: Yes | Q39: No | R39: Good finish | S39: Yes | U39: No | V39: =IF(N39="","",IF(Q39="Yes","❌ Disc",IF(P39="No","⚠ Missing",IF(S39="Yes","✓ OK","⚠ Check")))) -> ✓ OK | W39: 46248 | X39: Sunil CR | Y39: Yes | Z39: No | AA39: Good finish | AB39: Yes | AD39: No | AE39: =IF(W39="","",IF(Z39="Yes","❌ Disc",IF(Y39="No","⚠ Missing",IF(AB39="Yes","✓ OK","⚠ Check")))) -> ✓ OK | AF39: 18-09-2026 | AG39: Sunil CR | AH39: Yes | AI39: No | AJ39: Good finish | AK39: Yes | AM39: No | AN39: =IF(AF39="","",IF(AI39="Yes","❌ Disc",IF(AH39="No","⚠ Missing",IF(AK39="Yes","✓ OK","⚠ Check")))) -> ✓ OK | AW39: =IF(AO39="","",IF(AR39="Yes","❌ Disc",IF(AQ39="No","⚠ Missing",IF(AT39="Yes","✓ OK","⚠ Check"))))
A40: 36 | B40: esmhighlandgreen-matt | C40: ESM Highland Green (Matt) | D40: SPACEWOOD FURNISHERS PVT LTD | E40: 46125 | F40: Sunil CR | G40: Yes | H40: No | I40: Good finish | J40: Yes | L40: No | M40: =IF(E40="","",IF(H40="Yes","❌ Disc",IF(G40="No","⚠ Missing",IF(J40="Yes","✓ OK","⚠ Check")))) -> ✓ OK | N40: 46193 | O40: Sunil CR | P40: Yes | Q40: No | R40: Good finish | S40: Yes | U40: No | V40: =IF(N40="","",IF(Q40="Yes","❌ Disc",IF(P40="No","⚠ Missing",IF(S40="Yes","✓ OK","⚠ Check")))) -> ✓ OK | W40: 46248 | X40: Sunil CR | Y40: Yes | Z40: No | AA40: Good finish | AB40: Yes | AD40: No | AE40: =IF(W40="","",IF(Z40="Yes","❌ Disc",IF(Y40="No","⚠ Missing",IF(AB40="Yes","✓ OK","⚠ Check")))) -> ✓ OK | AF40: 18-09-2026 | AG40: Sunil CR | AH40: Yes | AI40: No | AJ40: Good finish | AK40: Yes | AM40: No | AN40: =IF(AF40="","",IF(AI40="Yes","❌ Disc",IF(AH40="No","⚠ Missing",IF(AK40="Yes","✓ OK","⚠ Check")))) -> ✓ OK | AW40: =IF(AO40="","",IF(AR40="Yes","❌ Disc",IF(AQ40="No","⚠ Missing",IF(AT40="Yes","✓ OK","⚠ Check"))))
A41: 37 | B41: esmmarine-matt | C41: ESM Marine (Matt) | D41: SPACEWOOD FURNISHERS PVT LTD | E41: 46125 | F41: Sunil CR | G41: Yes | H41: No | I41: Good finish | J41: Yes | L41: No | M41: =IF(E41="","",IF(H41="Yes","❌ Disc",IF(G41="No","⚠ Missing",IF(J41="Yes","✓ OK","⚠ Check")))) -> ✓ OK | N41: 46193 | O41: Sunil CR | P41: Yes | Q41: No | R41: Good finish | S41: Yes | U41: No | V41: =IF(N41="","",IF(Q41="Yes","❌ Disc",IF(P41="No","⚠ Missing",IF(S41="Yes","✓ OK","⚠ Check")))) -> ✓ OK | W41: 46248 | X41: Sunil CR | Y41: Yes | Z41: No | AA41: Good finish | AB41: Yes | AD41: No | AE41: =IF(W41="","",IF(Z41="Yes","❌ Disc",IF(Y41="No","⚠ Missing",IF(AB41="Yes","✓ OK","⚠ Check")))) -> ✓ OK | AF41: 18-09-2026 | AG41: Sunil CR | AH41: Yes | AI41: No | AJ41: Good finish | AK41: Yes | AM41: No | AN41: =IF(AF41="","",IF(AI41="Yes","❌ Disc",IF(AH41="No","⚠ Missing",IF(AK41="Yes","✓ OK","⚠ Check")))) -> ✓ OK | AW41: =IF(AO41="","",IF(AR41="Yes","❌ Disc",IF(AQ41="No","⚠ Missing",IF(AT41="Yes","✓ OK","⚠ Check"))))
... A85: 81 | B85: woodytan-matt | C85: Woody Tan (Matt) | D85: SPACEWOOD FURNISHERS PVT LTD | E85: 46125 | F85: Sunil CR | G85: Yes | H85: No | I85: Good finish | J85: Yes | L85: No | M85: =IF(E85="","",IF(H85="Yes","❌ Disc",IF(G85="No","⚠ Missing",IF(J85="Yes","✓ OK","⚠ Check")))) -> ✓ OK | N85: 46193 | O85: Sunil CR | P85: Yes | Q85: No | R85: Good finish | S85: Yes | U85: No | V85: =IF(N85="","",IF(Q85="Yes","❌ Disc",IF(P85="No","⚠ Missing",IF(S85="Yes","✓ OK","⚠ Check")))) -> ✓ OK | W85: 46248 | X85: Sunil CR | Y85: Yes | Z85: No | AA85: Good finish | AB85: Yes | AD85: No | AE85: =IF(W85="","",IF(Z85="Yes","❌ Disc",IF(Y85="No","⚠ Missing",IF(AB85="Yes","✓ OK","⚠ Check")))) -> ✓ OK | AF85: 18-09-2026 | AG85: Sunil CR | AH85: Yes | AI85: No | AJ85: Good finish | AK85: Yes | AM85: No | AN85: =IF(AF85="","",IF(AI85="Yes","❌ Disc",IF(AH85="No","⚠ Missing",IF(AK85="Yes","✓ OK","⚠ Check")))) -> ✓ OK | AW85: =IF(AO85="","",IF(AR85="Yes","❌ Disc",IF(AQ85="No","⚠ Missing",IF(AT85="Yes","✓ OK","⚠ Check"))))

Sheet Rafters
A1: 📋 HRBR EC — RAFTERS | Multi-Round Audit Tracker
A2: ➤ Fill AUDIT DATE & AUDITOR first in each block | Yellow = Comments | Status auto-updates | Next audit → use next block
E3: AUDIT 1 | N3: AUDIT 2 | W3: AUDIT 3 | AF3: AUDIT 4 | AO3: AUDIT 5
A4: # | B4: ERP Code | C4: Material / Studio Name | D4: Brand | E4: Audit Date | F4: Auditor | G4: Sample in EC? | H4: Discontinued by Vendor? | I4: Visual Condition | J4: Conformance (Yes/No) | K4: COMMENTS / REMARKS | L4: Follow-Up Action | M4: Status | N4: Audit Date | O4: Auditor | P4: Sample in EC? | Q4: Discontinued by Vendor? | R4: Visual Condition | S4: Conformance (Yes/No) | T4: COMMENTS / REMARKS | U4: Follow-Up Action | V4: Status | W4: Audit Date | X4: Auditor | Y4: Sample in EC? | Z4: Discontinued by Vendor? | AA4: Visual Condition | AB4: Conformance (Yes/No) | AC4: COMMENTS / REMARKS | AD4: Follow-Up Action | AE4: Status | AF4: Audit Date | AG4: Auditor | AH4: Sample in EC? | AI4: Discontinued by Vendor? | AJ4: Visual Condition | AK4: Conformance (Yes/No) | AL4: COMMENTS / REMARKS | AM4: Follow-Up Action | AN4: Status | AO4: Audit Date | AP4: Auditor | AQ4: Sample in EC? | AR4: Discontinued by Vendor? | AS4: Visual Condition | AT4: Conformance (Yes/No) | AU4: COMMENTS / REMARKS | AV4: Follow-Up Action | AW4: Status
A5: 1 | B5: BD-VRM-2025-0842 | C5: Euro Pratik - Pastelite Louvers - 18101 - Paintable | D5: Europratik | E5: 46126 | F5: Sunil CR | G5: Yes | H5: No | I5: Good finish | J5: Yes | L5: No | M5: =IF(E5="","",IF(H5="Yes","❌ Disc",IF(G5="No","⚠ Missing",IF(J5="Yes","✓ OK","⚠ Check")))) -> ✓ OK | N5: 46193 | O5: Sunil CR | P5: Yes | Q5: No | R5: Good finish | S5: Yes | U5: No | V5: =IF(N5="","",IF(Q5="Yes","❌ Disc",IF(P5="No","⚠ Missing",IF(S5="Yes","✓ OK","⚠ Check")))) -> ✓ OK | W5: 46248 | X5: Sunil CR | Y5: Yes | Z5: No | AA5: Good finish | AB5: Yes | AD5: No | AE5: =IF(W5="","",IF(Z5="Yes","❌ Disc",IF(Y5="No","⚠ Missing",IF(AB5="Yes","✓ OK","⚠ Check")))) -> ✓ OK | AF5: 18-09-2026 | AG5: Sunil CR | AH5: Yes | AI5: No | AJ5: Good finish | AK5: Yes | AM5: No | AN5: =IF(AF5="","",IF(AI5="Yes","❌ Disc",IF(AH5="No","⚠ Missing",IF(AK5="Yes","✓ OK","⚠ Check")))) -> ✓ OK | AW5: =IF(AO5="","",IF(AR5="Yes","❌ Disc",IF(AQ5="No","⚠ Missing",IF(AT5="Yes","✓ OK","⚠ Check"))))
A6: 2 | B6: BD-VRM-2025-0844 | C6: Euro Pratik - Pastelite Louvers - 18102 - Paintable | D6: Europratik | E6: 46126 | F6: Sunil CR | G6: Yes | H6: No | I6: Good finish | J6: Yes | L6: No | M6: =IF(E6="","",IF(H6="Yes","❌ Disc",IF(G6="No","⚠ Missing",IF(J6="Yes","✓ OK","⚠ Check")))) -> ✓ OK | N6: 46193 | O6: Sunil CR | P6: Yes | Q6: No | R6: Good finish | S6: Yes | U6: No | V6: =IF(N6="","",IF(Q6="Yes","❌ Disc",IF(P6="No","⚠ Missing",IF(S6="Yes","✓ OK","⚠ Check")))) -> ✓ OK | W6: 46248 | X6: Sunil CR | Y6: Yes | Z6: No | AA6: Good finish | AB6: Yes | AD6: No | AE6: =IF(W6="","",IF(Z6="Yes","❌ Disc",IF(Y6="No","⚠ Missing",IF(AB6="Yes","✓ OK","⚠ Check")))) -> ✓ OK | AF6: 18-09-2026 | AG6: Sunil CR | AH6: Yes | AI6: No | AJ6: Good finish | AK6: Yes | AM6: No | AN6: =IF(AF6="","",IF(AI6="Yes","❌ Disc",IF(AH6="No","⚠ Missing",IF(AK6="Yes","✓ OK","⚠ Check")))) -> ✓ OK | AW6: =IF(AO6="","",IF(AR6="Yes","❌ Disc",IF(AQ6="No","⚠ Missing",IF(AT6="Yes","✓ OK","⚠ Check"))))
A7: 3 | B7: BD-VRM-2025-0845 | C7: Euro Pratik - Pastelite Louvers - 18103 - Paintable | D7: Europratik | E7: 46126 | F7: Sunil CR | G7: Yes | H7: No | I7: Good finish | J7: Yes | L7: No | M7: =IF(E7="","",IF(H7="Yes","❌ Disc",IF(G7="No","⚠ Missing",IF(J7="Yes","✓ OK","⚠ Check")))) -> ✓ OK | N7: 46193 | O7: Sunil CR | P7: Yes | Q7: No | R7: Good finish | S7: Yes | U7: No | V7: =IF(N7="","",IF(Q7="Yes","❌ Disc",IF(P7="No","⚠ Missing",IF(S7="Yes","✓ OK","⚠ Check")))) -> ✓ OK | W7: 46248 | X7: Sunil CR | Y7: Yes | Z7: No | AA7: Good finish | AB7: Yes | AD7: No | AE7: =IF(W7="","",IF(Z7="Yes","❌ Disc",IF(Y7="No","⚠ Missing",IF(AB7="Yes","✓ OK","⚠ Check")))) -> ✓ OK | AF7: 18-09-2026 | AG7: Sunil CR | AH7: Yes | AI7: No | AJ7: Good finish | AK7: Yes | AM7: No | AN7: =IF(AF7="","",IF(AI7="Yes","❌ Disc",IF(AH7="No","⚠ Missing",IF(AK7="Yes","✓ OK","⚠ Check")))) -> ✓ OK | AW7: =IF(AO7="","",IF(AR7="Yes","❌ Disc",IF(AQ7="No","⚠ Missing",IF(AT7="Yes","✓ OK","⚠ Check"))))
A8: 4 | B8: BD-VRM-2025-0846 | C8: Euro Pratik - Pastelite Louvers - 18104 - Paintable | D8: Europratik | E8: 46126 | F8: Sunil CR | G8: Yes | H8: No | I8: Good finish | J8: Yes | L8: No | M8: =IF(E8="","",IF(H8="Yes","❌ Disc",IF(G8="No","⚠ Missing",IF(J8="Yes","✓ OK","⚠ Check")))) -> ✓ OK | N8: 46193 | O8: Sunil CR | P8: Yes | Q8: No | R8: Good finish | S8: Yes | U8: No | V8: =IF(N8="","",IF(Q8="Yes","❌ Disc",IF(P8="No","⚠ Missing",IF(S8="Yes","✓ OK","⚠ Check")))) -> ✓ OK | W8: 46248 | X8: Sunil CR | Y8: Yes | Z8: No | AA8: Good finish | AB8: Yes | AD8: No | AE8: =IF(W8="","",IF(Z8="Yes","❌ Disc",IF(Y8="No","⚠ Missing",IF(AB8="Yes","✓ OK","⚠ Check")))) -> ✓ OK | AF8: 18-09-2026 | AG8: Sunil CR | AH8: Yes | AI8: No | AJ8: Good finish | AK8: Yes | AM8: No | AN8: =IF(AF8="","",IF(AI8="Yes","❌ Disc",IF(AH8="No","⚠ Missing",IF(AK8="Yes","✓ OK","⚠ Check")))) -> ✓ OK | AW8: =IF(AO8="","",IF(AR8="Yes","❌ Disc",IF(AQ8="No","⚠ Missing",IF(AT8="Yes","✓ OK","⚠ Check"))))
A9: 5 | B9: BD-VRM-2025-0848 | C9: Euro Pratik - Pastelite Louvers - 18105 - Paintable | D9: Europratik | E9: 46126 | F9: Sunil CR | G9: Yes | H9: No | I9: Good finish | J9: Yes | L9: No | M9: =IF(E9="","",IF(H9="Yes","❌ Disc",IF(G9="No","⚠ Missing",IF(J9="Yes","✓ OK","⚠ Check")))) -> ✓ OK | N9: 46193 | O9: Sunil CR | P9: Yes | Q9: No | R9: Good finish | S9: Yes | U9: No | V9: =IF(N9="","",IF(Q9="Yes","❌ Disc",IF(P9="No","⚠ Missing",IF(S9="Yes","✓ OK","⚠ Check")))) -> ✓ OK | W9: 46248 | X9: Sunil CR | Y9: Yes | Z9: No | AA9: Good finish | AB9: Yes | AD9: No | AE9: =IF(W9="","",IF(Z9="Yes","❌ Disc",IF(Y9="No","⚠ Missing",IF(AB9="Yes","✓ OK","⚠ Check")))) -> ✓ OK | AF9: 18-09-2026 | AG9: Sunil CR | AH9: Yes | AI9: No | AJ9: Good finish | AK9: Yes | AM9: No | AN9: =IF(AF9="","",IF(AI9="Yes","❌ Disc",IF(AH9="No","⚠ Missing",IF(AK9="Yes","✓ OK","⚠ Check")))) -> ✓ OK | AW9: =IF(AO9="","",IF(AR9="Yes","❌ Disc",IF(AQ9="No","⚠ Missing",IF(AT9="Yes","✓ OK","⚠ Check"))))
A10: 6 | B10: BD-VRM-2025-0849 | C10: Euro Pratik - Pastelite Louvers - 18106 - Paintable | D10: Europratik | E10: 46126 | F10: Sunil CR | G10: Yes | H10: No | I10: Good finish | J10: Yes | L10: No | M10: =IF(E10="","",IF(H10="Yes","❌ Disc",IF(G10="No","⚠ Missing",IF(J10="Yes","✓ OK","⚠ Check")))) -> ✓ OK | N10: 46193 | O10: Sunil CR | P10: Yes | Q10: No | R10: Good finish | S10: Yes | U10: No | V10: =IF(N10="","",IF(Q10="Yes","❌ Disc",IF(P10="No","⚠ Missing",IF(S10="Yes","✓ OK","⚠ Check")))) -> ✓ OK | W10: 46248 | X10: Sunil CR | Y10: Yes | Z10: No | AA10: Good finish | AB10: Yes | AD10: No | AE10: =IF(W10="","",IF(Z10="Yes","❌ Disc",IF(Y10="No","⚠ Missing",IF(AB10="Yes","✓ OK","⚠ Check")))) -> ✓ OK | AF10: 18-09-2026 | AG10: Sunil CR | AH10: Yes | AI10: No | AJ10: Good finish | AK10: Yes | AM10: No | AN10: =IF(AF10="","",IF(AI10="Yes","❌ Disc",IF(AH10="No","⚠ Missing",IF(AK10="Yes","✓ OK","⚠ Check")))) -> ✓ OK | AW10: =IF(AO10="","",IF(AR10="Yes","❌ Disc",IF(AQ10="No","⚠ Missing",IF(AT10="Yes","✓ OK","⚠ Check"))))
A11: 7 | B11: BD-VRM-2025-0851 | C11: Euro Pratik - Pastelite Louvers - 18107 - Paintable | D11: Europratik | E11: 46126 | F11: Sunil CR | G11: No | H11: No | I11: Not Available | J11: No | L11: Yes | M11: =IF(E11="","",IF(H11="Yes","❌ Disc",IF(G11="No","⚠ Missing",IF(J11="Yes","✓ OK","⚠ Check")))) -> ⚠ Missing | N11: 46193 | O11: Sunil CR | P11: No | Q11: No | R11: Not Available | S11: No | U11: Yes | V11: =IF(N11="","",IF(Q11="Yes","❌ Disc",IF(P11="No","⚠ Missing",IF(S11="Yes","✓ OK","⚠ Check")))) -> ⚠ Missing | W11: 46248 | X11: Sunil CR | Y11: No | Z11: No | AA11: Not Available | AB11: No | AD11: Yes | AE11: =IF(W11="","",IF(Z11="Yes","❌ Disc",IF(Y11="No","⚠ Missing",IF(AB11="Yes","✓ OK","⚠ Check")))) -> ⚠ Missing | AF11: 18-09-2026 | AG11: Sunil CR | AH11: No | AI11: No | AJ11: Not Available | AK11: No | AM11: Yes | AN11: =IF(AF11="","",IF(AI11="Yes","❌ Disc",IF(AH11="No","⚠ Missing",IF(AK11="Yes","✓ OK","⚠ Check")))) -> ⚠ Missing | AW11: =IF(AO11="","",IF(AR11="Yes","❌ Disc",IF(AQ11="No","⚠ Missing",IF(AT11="Yes","✓ OK","⚠ Check"))))
A12: 8 | B12: BD-VRM-2025-0852 | C12: Euro Pratik - Pastelite Louvers - 18108 - Paintable | D12: Europratik | E12: 46126 | F12: Sunil CR | G12: Yes | H12: No | I12: Good finish | J12: Yes | L12: No | M12: =IF(E12="","",IF(H12="Yes","❌ Disc",IF(G12="No","⚠ Missing",IF(J12="Yes","✓ OK","⚠ Check")))) -> ✓ OK | N12: 46193 | O12: Sunil CR | P12: Yes | Q12: No | R12: Good finish | S12: Yes | U12: No | V12: =IF(N12="","",IF(Q12="Yes","❌ Disc",IF(P12="No","⚠ Missing",IF(S12="Yes","✓ OK","⚠ Check")))) -> ✓ OK | W12: 46248 | X12: Sunil CR | Y12: Yes | Z12: No | AA12: Good finish | AB12: Yes | AD12: No | AE12: =IF(W12="","",IF(Z12="Yes","❌ Disc",IF(Y12="No","⚠ Missing",IF(AB12="Yes","✓ OK","⚠ Check")))) -> ✓ OK | AF12: 18-09-2026 | AG12: Sunil CR | AH12: Yes | AI12: No | AJ12: Good finish | AK12: Yes | AM12: No | AN12: =IF(AF12="","",IF(AI12="Yes","❌ Disc",IF(AH12="No","⚠ Missing",IF(AK12="Yes","✓ OK","⚠ Check")))) -> ✓ OK | AW12: =IF(AO12="","",IF(AR12="Yes","❌ Disc",IF(AQ12="No","⚠ Missing",IF(AT12="Yes","✓ OK","⚠ Check"))))
A13: 9 | B13: BD-VRM-2025-0854 | C13: Euro Pratik - Pastelite Louvers - 18109 - Textured | D13: Europratik | E13: 46126 | F13: Sunil CR | G13: Yes | H13: No | I13: Good finish | J13: Yes | L13: No | M13: =IF(E13="","",IF(H13="Yes","❌ Disc",IF(G13="No","⚠ Missing",IF(J13="Yes","✓ OK","⚠ Check")))) -> ✓ OK | N13: 46193 | O13: Sunil CR | P13: Yes | Q13: No | R13: Good finish | S13: Yes | U13: No | V13: =IF(N13="","",IF(Q13="Yes","❌ Disc",IF(P13="No","⚠ Missing",IF(S13="Yes","✓ OK","⚠ Check")))) -> ✓ OK | W13: 46248 | X13: Sunil CR | Y13: Yes | Z13: No | AA13: Good finish | AB13: Yes | AD13: No | AE13: =IF(W13="","",IF(Z13="Yes","❌ Disc",IF(Y13="No","⚠ Missing",IF(AB13="Yes","✓ OK","⚠ Check")))) -> ✓ OK | AF13: 18-09-2026 | AG13: Sunil CR | AH13: Yes | AI13: No | AJ13: Good finish | AK13: Yes | AM13: No | AN13: =IF(AF13="","",IF(AI13="Yes","❌ Disc",IF(AH13="No","⚠ Missing",IF(AK13="Yes","✓ OK","⚠ Check")))) -> ✓ OK | AW13: =IF(AO13="","",IF(AR13="Yes","❌ Disc",IF(AQ13="No","⚠ Missing",IF(AT13="Yes","✓ OK","⚠ Check"))))
A14: 10 | B14: BD-VRM-2025-0855 | C14: Euro Pratik - Pastelite Louvers - 18110 - Textured | D14: Europratik | E14: 46126 | F14: Sunil CR | G14: Yes | H14: No | I14: Good finish | J14: Yes | L14: No | M14: =IF(E14="","",IF(H14="Yes","❌ Disc",IF(G14="No","⚠ Missing",IF(J14="Yes","✓ OK","⚠ Check")))) -> ✓ OK | N14: 46193 | O14: Sunil CR | P14: Yes | Q14: No | R14: Good finish | S14: Yes | U14: No | V14: =IF(N14="","",IF(Q14="Yes","❌ Disc",IF(P14="No","⚠ Missing",IF(S14="Yes","✓ OK","⚠ Check")))) -> ✓ OK | W14: 46248 | X14: Sunil CR | Y14: Yes | Z14: No | AA14: Good finish | AB14: Yes | AD14: No | AE14: =IF(W14="","",IF(Z14="Yes","❌ Disc",IF(Y14="No","⚠ Missing",IF(AB14="Yes","✓ OK","⚠ Check")))) -> ✓ OK | AF14: 18-09-2026 | AG14: Sunil CR | AH14: Yes | AI14: No | AJ14: Good finish | AK14: Yes | AM14: No | AN14: =IF(AF14="","",IF(AI14="Yes","❌ Disc",IF(AH14="No","⚠ Missing",IF(AK14="Yes","✓ OK","⚠ Check")))) -> ✓ OK | AW14: =IF(AO14="","",IF(AR14="Yes","❌ Disc",IF(AQ14="No","⚠ Missing",IF(AT14="Yes","✓ OK","⚠ Check"))))
A15: 11 | B15: BD-VRM-2025-0857 | C15: Euro Pratik - Pastelite Louvers - 18111 - Textured | D15: Europratik | E15: 46126 | F15: Sunil CR | G15: Yes | H15: No | I15: Good finish | J15: Yes | L15: No | M15: =IF(E15="","",IF(H15="Yes","❌ Disc",IF(G15="No","⚠ Missing",IF(J15="Yes","✓ OK","⚠ Check")))) -> ✓ OK | N15: 46193 | O15: Sunil CR | P15: Yes | Q15: No | R15: Good finish | S15: Yes | U15: No | V15: =IF(N15="","",IF(Q15="Yes","❌ Disc",IF(P15="No","⚠ Missing",IF(S15="Yes","✓ OK","⚠ Check")))) -> ✓ OK | W15: 46248 | X15: Sunil CR | Y15: Yes | Z15: No | AA15: Good finish | AB15: Yes | AD15: No | AE15: =IF(W15="","",IF(Z15="Yes","❌ Disc",IF(Y15="No","⚠ Missing",IF(AB15="Yes","✓ OK","⚠ Check")))) -> ✓ OK | AF15: 18-09-2026 | AG15: Sunil CR | AH15: Yes | AI15: No | AJ15: Good finish | AK15: Yes | AM15: No | AN15: =IF(AF15="","",IF(AI15="Yes","❌ Disc",IF(AH15="No","⚠ Missing",IF(AK15="Yes","✓ OK","⚠ Check")))) -> ✓ OK | AW15: =IF(AO15="","",IF(AR15="Yes","❌ Disc",IF(AQ15="No","⚠ Missing",IF(AT15="Yes","✓ OK","⚠ Check"))))
A16: 12 | B16: BD-VRM-2025-0858 | C16: Euro Pratik - Pastelite Louvers - 18112 - Textured | D16: Europratik | E16: 46126 | F16: Sunil CR | G16: Yes | H16: No | I16: Good finish | J16: Yes | L16: No | M16: =IF(E16="","",IF(H16="Yes","❌ Disc",IF(G16="No","⚠ Missing",IF(J16="Yes","✓ OK","⚠ Check")))) -> ✓ OK | N16: 46193 | O16: Sunil CR | P16: No | Q16: Yes | R16: Discontinued | S16: No | U16: No | V16: =IF(N16="","",IF(Q16="Yes","❌ Disc",IF(P16="No","⚠ Missing",IF(S16="Yes","✓ OK","⚠ Check")))) -> ❌ Disc | W16: 46248 | X16: Sunil CR | Y16: No | Z16: Yes | AA16: Discontinued | AB16: No | AD16: No | AE16: =IF(W16="","",IF(Z16="Yes","❌ Disc",IF(Y16="No","⚠ Missing",IF(AB16="Yes","✓ OK","⚠ Check")))) -> ❌ Disc | AF16: 18-09-2026 | AG16: Sunil CR | AH16: No | AI16: Yes | AJ16: Discontinued | AK16: No | AM16: No | AN16: =IF(AF16="","",IF(AI16="Yes","❌ Disc",IF(AH16="No","⚠ Missing",IF(AK16="Yes","✓ OK","⚠ Check")))) -> ❌ Disc | AW16: =IF(AO16="","",IF(AR16="Yes","❌ Disc",IF(AQ16="No","⚠ Missing",IF(AT16="Yes","✓ OK","⚠ Check"))))
... A168: 164 | B168: BD-VRM-2024-3038 | C168: Flava Rafter - Standard - FL PB 9640 9.5ftx120mm | D168: Flava | E168: 46126 | F168: Sunil CR | G168: Yes | H168: No | I168: Good finish | J168: Yes | L168: No | M168: =IF(E168="","",IF(H168="Yes","❌ Disc",IF(G168="No","⚠ Missing",IF(J168="Yes","✓ OK","⚠ Check")))) -> ✓ OK | N168: 46193 | O168: Sunil CR | P168: Yes | Q168: No | R168: Good finish | S168: Yes | U168: No | V168: =IF(N168="","",IF(Q168="Yes","❌ Disc",IF(P168="No","⚠ Missing",IF(S168="Yes","✓ OK","⚠ Check")))) -> ✓ OK | W168: 46248 | X168: Sunil CR | Y168: Yes | Z168: No | AA168: Good finish | AB168: Yes | AD168: No | AE168: =IF(W168="","",IF(Z168="Yes","❌ Disc",IF(Y168="No","⚠ Missing",IF(AB168="Yes","✓ OK","⚠ Check")))) -> ✓ OK | AF168: 18-09-2026 | AG168: Sunil CR | AH168: Yes | AI168: No | AJ168: Good finish | AK168: Yes | AM168: No | AN168: =IF(AF168="","",IF(AI168="Yes","❌ Disc",IF(AH168="No","⚠ Missing",IF(AK168="Yes","✓ OK","⚠ Check")))) -> ✓ OK | AW168: =IF(AO168="","",IF(AR168="Yes","❌ Disc",IF(AQ168="No","⚠ Missing",IF(AT168="Yes","✓ OK","⚠ Check"))))

Sheet Wallpaper
A1: 📋 HRBR EC — WALLPAPER | Multi-Round Audit Tracker
A2: ➤ Fill AUDIT DATE & AUDITOR first in each block | Yellow = Comments | Status auto-updates | Next audit → use next block
E3: AUDIT 1 | N3: AUDIT 2 | W3: AUDIT 3 | AF3: AUDIT 4 | AO3: AUDIT 5
A4: # | B4: ERP Code | C4: Material / Studio Name | D4: Brand | E4: Audit Date | F4: Auditor | G4: Sample in EC? | H4: Discontinued by Vendor? | I4: Visual Condition | J4: Conformance (Yes/No) | K4: COMMENTS / REMARKS | L4: Follow-Up Action | M4: Status | N4: Audit Date | O4: Auditor | P4: Sample in EC? | Q4: Discontinued by Vendor? | R4: Visual Condition | S4: Conformance (Yes/No) | T4: COMMENTS / REMARKS | U4: Follow-Up Action | V4: Status | W4: Audit Date | X4: Auditor | Y4: Sample in EC? | Z4: Discontinued by Vendor? | AA4: Visual Condition | AB4: Conformance (Yes/No) | AC4: COMMENTS / REMARKS | AD4: Follow-Up Action | AE4: Status | AF4: Audit Date | AG4: Auditor | AH4: Sample in EC? | AI4: Discontinued by Vendor? | AJ4: Visual Condition | AK4: Conformance (Yes/No) | AL4: COMMENTS / REMARKS | AM4: Follow-Up Action | AN4: Status | AO4: Audit Date | AP4: Auditor | AQ4: Sample in EC? | AR4: Discontinued by Vendor? | AS4: Visual Condition | AT4: Conformance (Yes/No) | AU4: COMMENTS / REMARKS | AV4: Follow-Up Action | AW4: Status
A5: 1 | B5: BD-VRM-2026-0079 | C5: Excel - Essen Wallpaper 71051-1 | D5: Excel | E5: 46125 | F5: Sunil CR | G5: Yes | H5: No | I5: Good finish | J5: Yes | L5: No | M5: =IF(E5="","",IF(H5="Yes","❌ Disc",IF(G5="No","⚠ Missing",IF(J5="Yes","✓ OK","⚠ Check")))) -> ✓ OK | N5: 46193 | O5: Sunil CR | P5: Yes | Q5: No | R5: Good finish | S5: Yes | U5: No | V5: =IF(N5="","",IF(Q5="Yes","❌ Disc",IF(P5="No","⚠ Missing",IF(S5="Yes","✓ OK","⚠ Check")))) -> ✓ OK | W5: 46248 | X5: Sunil CR | Y5: Yes | Z5: No | AA5: Good finish | AB5: Yes | AD5: No | AE5: =IF(W5="","",IF(Z5="Yes","❌ Disc",IF(Y5="No","⚠ Missing",IF(AB5="Yes","✓ OK","⚠ Check")))) -> ✓ OK | AF5: 18-09-2026 | AG5: Sunil CR | AH5: Yes | AI5: No | AJ5: Good finish | AK5: Yes | AM5: No | AN5: =IF(AF5="","",IF(AI5="Yes","❌ Disc",IF(AH5="No","⚠ Missing",IF(AK5="Yes","✓ OK","⚠ Check")))) -> ✓ OK | AW5: =IF(AO5="","",IF(AR5="Yes","❌ Disc",IF(AQ5="No","⚠ Missing",IF(AT5="Yes","✓ OK","⚠ Check"))))
A6: 2 | B6: BD-VRM-2026-0080 | C6: Excel - Essen Wallpaper 71051-2 | D6: Excel | E6: 46125 | F6: Sunil CR | G6: Yes | H6: No | I6: Good finish | J6: Yes | L6: No | M6: =IF(E6="","",IF(H6="Yes","❌ Disc",IF(G6="No","⚠ Missing",IF(J6="Yes","✓ OK","⚠ Check")))) -> ✓ OK | N6: 46193 | O6: Sunil CR | P6: Yes | Q6: No | R6: Good finish | S6: Yes | U6: No | V6: =IF(N6="","",IF(Q6="Yes","❌ Disc",IF(P6="No","⚠ Missing",IF(S6="Yes","✓ OK","⚠ Check")))) -> ✓ OK | W6: 46248 | X6: Sunil CR | Y6: Yes | Z6: No | AA6: Good finish | AB6: Yes | AD6: No | AE6: =IF(W6="","",IF(Z6="Yes","❌ Disc",IF(Y6="No","⚠ Missing",IF(AB6="Yes","✓ OK","⚠ Check")))) -> ✓ OK | AF6: 18-09-2026 | AG6: Sunil CR | AH6: Yes | AI6: No | AJ6: Good finish | AK6: Yes | AM6: No | AN6: =IF(AF6="","",IF(AI6="Yes","❌ Disc",IF(AH6="No","⚠ Missing",IF(AK6="Yes","✓ OK","⚠ Check")))) -> ✓ OK | AW6: =IF(AO6="","",IF(AR6="Yes","❌ Disc",IF(AQ6="No","⚠ Missing",IF(AT6="Yes","✓ OK","⚠ Check"))))
A7: 3 | B7: BD-VRM-2026-0081 | C7: Excel - Essen Wallpaper 71051-3 | D7: Excel | E7: 46125 | F7: Sunil CR | G7: Yes | H7: No | I7: Good finish | J7: Yes | L7: No | M7: =IF(E7="","",IF(H7="Yes","❌ Disc",IF(G7="No","⚠ Missing",IF(J7="Yes","✓ OK","⚠ Check")))) -> ✓ OK | N7: 46193 | O7: Sunil CR | P7: Yes | Q7: No | R7: Good finish | S7: Yes | U7: No | V7: =IF(N7="","",IF(Q7="Yes","❌ Disc",IF(P7="No","⚠ Missing",IF(S7="Yes","✓ OK","⚠ Check")))) -> ✓ OK | W7: 46248 | X7: Sunil CR | Y7: Yes | Z7: No | AA7: Good finish | AB7: Yes | AD7: No | AE7: =IF(W7="","",IF(Z7="Yes","❌ Disc",IF(Y7="No","⚠ Missing",IF(AB7="Yes","✓ OK","⚠ Check")))) -> ✓ OK | AF7: 18-09-2026 | AG7: Sunil CR | AH7: Yes | AI7: No | AJ7: Good finish | AK7: Yes | AM7: No | AN7: =IF(AF7="","",IF(AI7="Yes","❌ Disc",IF(AH7="No","⚠ Missing",IF(AK7="Yes","✓ OK","⚠ Check")))) -> ✓ OK | AW7: =IF(AO7="","",IF(AR7="Yes","❌ Disc",IF(AQ7="No","⚠ Missing",IF(AT7="Yes","✓ OK","⚠ Check"))))
A8: 4 | B8: BD-VRM-2026-0082 | C8: Excel - Essen Wallpaper 71051-4 | D8: Excel | E8: 46125 | F8: Sunil CR | G8: Yes | H8: No | I8: Good finish | J8: Yes | L8: No | M8: =IF(E8="","",IF(H8="Yes","❌ Disc",IF(G8="No","⚠ Missing",IF(J8="Yes","✓ OK","⚠ Check")))) -> ✓ OK | N8: 46193 | O8: Sunil CR | P8: Yes | Q8: No | R8: Good finish | S8: Yes | U8: No | V8: =IF(N8="","",IF(Q8="Yes","❌ Disc",IF(P8="No","⚠ Missing",IF(S8="Yes","✓ OK","⚠ Check")))) -> ✓ OK | W8: 46248 | X8: Sunil CR | Y8: Yes | Z8: No | AA8: Good finish | AB8: Yes | AD8: No | AE8: =IF(W8="","",IF(Z8="Yes","❌ Disc",IF(Y8="No","⚠ Missing",IF(AB8="Yes","✓ OK","⚠ Check")))) -> ✓ OK | AF8: 18-09-2026 | AG8: Sunil CR | AH8: Yes | AI8: No | AJ8: Good finish | AK8: Yes | AM8: No | AN8: =IF(AF8="","",IF(AI8="Yes","❌ Disc",IF(AH8="No","⚠ Missing",IF(AK8="Yes","✓ OK","⚠ Check")))) -> ✓ OK | AW8: =IF(AO8="","",IF(AR8="Yes","❌ Disc",IF(AQ8="No","⚠ Missing",IF(AT8="Yes","✓ OK","⚠ Check"))))
A9: 5 | B9: BD-VRM-2026-0089 | C9: Excel - Essen Wallpaper 71052-1 | D9: Excel | E9: 46125 | F9: Sunil CR | G9: Yes | H9: No | I9: Good finish | J9: Yes | L9: No | M9: =IF(E9="","",IF(H9="Yes","❌ Disc",IF(G9="No","⚠ Missing",IF(J9="Yes","✓ OK","⚠ Check")))) -> ✓ OK | N9: 46193 | O9: Sunil CR | P9: Yes | Q9: No | R9: Good finish | S9: Yes | U9: No | V9: =IF(N9="","",IF(Q9="Yes","❌ Disc",IF(P9="No","⚠ Missing",IF(S9="Yes","✓ OK","⚠ Check")))) -> ✓ OK | W9: 46248 | X9: Sunil CR | Y9: Yes | Z9: No | AA9: Good finish | AB9: Yes | AD9: No | AE9: =IF(W9="","",IF(Z9="Yes","❌ Disc",IF(Y9="No","⚠ Missing",IF(AB9="Yes","✓ OK","⚠ Check")))) -> ✓ OK | AF9: 18-09-2026 | AG9: Sunil CR | AH9: Yes | AI9: No | AJ9: Good finish | AK9: Yes | AM9: No | AN9: =IF(AF9="","",IF(AI9="Yes","❌ Disc",IF(AH9="No","⚠ Missing",IF(AK9="Yes","✓ OK","⚠ Check")))) -> ✓ OK | AW9: =IF(AO9="","",IF(AR9="Yes","❌ Disc",IF(AQ9="No","⚠ Missing",IF(AT9="Yes","✓ OK","⚠ Check"))))
A10: 6 | B10: BD-VRM-2026-0090 | C10: Excel - Essen Wallpaper 71052-2 | D10: Excel | E10: 46125 | F10: Sunil CR | G10: Yes | H10: No | I10: Good finish | J10: Yes | L10: No | M10: =IF(E10="","",IF(H10="Yes","❌ Disc",IF(G10="No","⚠ Missing",IF(J10="Yes","✓ OK","⚠ Check")))) -> ✓ OK | N10: 46193 | O10: Sunil CR | P10: Yes | Q10: No | R10: Good finish | S10: Yes | U10: No | V10: =IF(N10="","",IF(Q10="Yes","❌ Disc",IF(P10="No","⚠ Missing",IF(S10="Yes","✓ OK","⚠ Check")))) -> ✓ OK | W10: 46248 | X10: Sunil CR | Y10: Yes | Z10: No | AA10: Good finish | AB10: Yes | AD10: No | AE10: =IF(W10="","",IF(Z10="Yes","❌ Disc",IF(Y10="No","⚠ Missing",IF(AB10="Yes","✓ OK","⚠ Check")))) -> ✓ OK | AF10: 18-09-2026 | AG10: Sunil CR | AH10: Yes | AI10: No | AJ10: Good finish | AK10: Yes | AM10: No | AN10: =IF(AF10="","",IF(AI10="Yes","❌ Disc",IF(AH10="No","⚠ Missing",IF(AK10="Yes","✓ OK","⚠ Check")))) -> ✓ OK | AW10: =IF(AO10="","",IF(AR10="Yes","❌ Disc",IF(AQ10="No","⚠ Missing",IF(AT10="Yes","✓ OK","⚠ Check"))))
A11: 7 | B11: BD-VRM-2026-0091 | C11: Excel - Essen Wallpaper 71052-3 | D11: Excel | E11: 46125 | F11: Sunil CR | G11: Yes | H11: No | I11: Good finish | J11: Yes | L11: No | M11: =IF(E11="","",IF(H11="Yes","❌ Disc",IF(G11="No","⚠ Missing",IF(J11="Yes","✓ OK","⚠ Check")))) -> ✓ OK | N11: 46193 | O11: Sunil CR | P11: Yes | Q11: No | R11: Good finish | S11: Yes | U11: No | V11: =IF(N11="","",IF(Q11="Yes","❌ Disc",IF(P11="No","⚠ Missing",IF(S11="Yes","✓ OK","⚠ Check")))) -> ✓ OK | W11: 46248 | X11: Sunil CR | Y11: Yes | Z11: No | AA11: Good finish | AB11: Yes | AD11: No | AE11: =IF(W11="","",IF(Z11="Yes","❌ Disc",IF(Y11="No","⚠ Missing",IF(AB11="Yes","✓ OK","⚠ Check")))) -> ✓ OK | AF11: 18-09-2026 | AG11: Sunil CR | AH11: Yes | AI11: No | AJ11: Good finish | AK11: Yes | AM11: No | AN11: =IF(AF11="","",IF(AI11="Yes","❌ Disc",IF(AH11="No","⚠ Missing",IF(AK11="Yes","✓ OK","⚠ Check")))) -> ✓ OK | AW11: =IF(AO11="","",IF(AR11="Yes","❌ Disc",IF(AQ11="No","⚠ Missing",IF(AT11="Yes","✓ OK","⚠ Check"))))
A12: 8 | B12: BD-VRM-2026-0092 | C12: Excel - Essen Wallpaper 71052-4 | D12: Excel | E12: 46125 | F12: Sunil CR | G12: Yes | H12: No | I12: Good finish | J12: Yes | L12: No | M12: =IF(E12="","",IF(H12="Yes","❌ Disc",IF(G12="No","⚠ Missing",IF(J12="Yes","✓ OK","⚠ Check")))) -> ✓ OK | N12: 46193 | O12: Sunil CR | P12: Yes | Q12: No | R12: Good finish | S12: Yes | U12: No | V12: =IF(N12="","",IF(Q12="Yes","❌ Disc",IF(P12="No","⚠ Missing",IF(S12="Yes","✓ OK","⚠ Check")))) -> ✓ OK | W12: 46248 | X12: Sunil CR | Y12: Yes | Z12: No | AA12: Good finish | AB12: Yes | AD12: No | AE12: =IF(W12="","",IF(Z12="Yes","❌ Disc",IF(Y12="No","⚠ Missing",IF(AB12="Yes","✓ OK","⚠ Check")))) -> ✓ OK | AF12: 18-09-2026 | AG12: Sunil CR | AH12: Yes | AI12: No | AJ12: Good finish | AK12: Yes | AM12: No | AN12: =IF(AF12="","",IF(AI12="Yes","❌ Disc",IF(AH12="No","⚠ Missing",IF(AK12="Yes","✓ OK","⚠ Check")))) -> ✓ OK | AW12: =IF(AO12="","",IF(AR12="Yes","❌ Disc",IF(AQ12="No","⚠ Missing",IF(AT12="Yes","✓ OK","⚠ Check"))))
